000656595.1,1438892.3,0
000656415.1,1438878.3,1
000651755.1,1448414.3,0
000652435.1,1448464.3,1
000676035.1,1422055.3,1
000651335.1,1448390.3,0
000673475.1,1397940.3,0
000670235.1,1421936.3,1
000678935.1,1423530.3,1
000658735.1,1448573.3,1
000650595.1,1447485.3,0
000670595.1,1421954.3,1
000652535.1,1448470.3,1
000663545.1,1448710.3,0
000658255.1,1447477.3,0
000662765.1,1448671.3,0
000670355.1,1421942.3,1
000679915.1,1427179.3,1
000671815.1,1397855.3,1
000664505.1,1448762.3,1
000677755.1,1423459.3,1
000678495.1,1423501.3,1
000669335.1,1417009.3,1
000669955.1,1421922.3,1
000667385.1,1354119.3,1
000664525.1,1448763.3,0
000662865.1,1448676.3,0
000677295.1,1423436.3,1
000680295.1,1427200.3,1
000673895.1,1400894.3,0
000672075.1,1397868.3,1
000678855.1,1423526.3,1
000654115.1,1448576.3,1
000677895.1,1423467.3,1
000679175.1,1423542.3,1
000668275.1,1408919.4,1
000676455.1,1422076.3,1
000659185.1,1267364.3,0
000654595.1,1448628.3,0
000673455.1,1397939.3,0
000670875.1,1421971.3,1
000680775.1,1427228.3,0
000678695.1,1423513.3,0
000654975.1,1448649.3,0
000668735.1,1408944.4,1
000671195.1,1421988.3,1
000680995.1,1427240.3,1
000665705.1,1448829.3,0
000680035.1,1427186.3,1
000786505.1,1773.349,0
000678595.1,1423507.3,1
000655255.1,1427269.3,0
000662685.1,1448667.3,0
000667425.1,1354121.3,1
000658195.1,1447436.3,0
000673395.1,1397936.3,1
000658875.1,1423512.3,1
000667885.1,1402584.3,1
000673095.1,1397921.3,1
000677315.1,1423437.3,1
000659585.1,1295759.3,1
000675075.1,1422004.3,1
000676355.1,1422071.3,1
000658055.1,1438840.3,1
000655575.1,1427287.3,1
000652395.1,1448462.3,1
000661755.1,1324296.3,0
000658315.1,1421970.3,1
000675415.1,1422021.3,1
000669815.1,1418255.3,0
000670795.1,1421965.3,1
000671095.1,1421983.3,1
000662665.1,1448666.3,0
000706225.1,1354159.3,0
000669835.1,1418256.3,0
000677115.1,1422112.3,1
000678735.1,1423516.3,1
000656635.1,1438867.3,1
000675935.1,1422050.3,1
000660385.1,1324225.3,0
000651835.1,1448427.3,0
000679595.1,1423563.3,1
000680855.1,1427233.3,0
000680755.1,1427227.3,1
000652635.1,1448475.3,1
000677175.1,1423426.3,1
000661815.1,1324299.3,0
000678435.1,1423498.3,1
000673735.1,1400883.3,1
000673195.1,1397926.3,1
000673435.1,1397938.3,0
000665325.1,1448807.3,1
000676855.1,1422096.3,1
000677555.1,1423449.3,1
000670015.1,1421925.3,1
000650215.1,1447461.3,1
000667955.1,1402588.3,0
000680595.1,1427218.3,1
000666785.1,1354154.3,0
000669855.1,1421917.3,1
000655155.1,1427262.3,1
000654355.1,1448616.3,0
000677835.1,1423463.3,1
000676815.1,1422094.3,1
000678235.1,1423486.3,1
000650415.1,1447471.3,1
000678295.1,1423489.3,1
000664725.1,1448774.3,0
000673655.1,1400879.3,1
000672935.1,1397913.3,1
000657215.1,1455272.3,1
000677995.1,1423472.3,1
000663025.1,1448684.3,0
000668535.1,1408933.4,1
000665205.1,1448801.3,1
000670255.1,1421937.3,1
000659085.1,1267359.3,1
000659645.1,1295764.3,1
000652615.1,1448474.3,1
000661835.1,1324300.3,0
000676055.1,1422056.3,1
000673155.1,1397924.3,1
000658415.1,1423429.3,1
000653775.1,1448552.3,1
000666965.1,1354140.3,0
000675915.1,1422049.3,1
000670115.1,1421930.3,1
000665825.1,1448838.3,1
000665305.1,1448806.3,0
000653675.1,1448547.3,1
000670535.1,1421951.3,1
000656155.1,1427316.3,1
000662585.1,1448662.3,1
000650875.1,1447501.3,1
000653035.1,1448501.3,1
000678375.1,1423494.3,1
000666905.1,1354138.3,0
000670075.1,1421928.3,1
000649315.1,1438872.3,1
000652655.1,1448476.3,1
000664645.1,1448769.3,0
000679935.1,1427180.3,1
000654615.1,1448629.3,0
000656275.1,1427322.3,1
000651795.1,1448421.3,0
000649255.1,1438860.3,1
000706025.1,1448835.3,0
000655835.1,1427300.3,1
000664125.1,1448742.3,0
000664265.1,1448750.3,1
000655135.1,1427261.3,1
000676755.1,1422091.3,1
000705945.1,1423477.3,1
000654875.1,1448644.3,0
000658775.1,1448580.3,1
000668755.1,1408945.4,1
000653435.1,1448530.3,1
000650795.1,1447496.3,1
000680835.1,1427232.3,1
000657075.1,1448609.3,1
000672275.1,1397879.3,1
000671055.1,1421980.3,1
000656235.1,1427320.3,1
000656515.1,1438836.3,1
000658455.1,1438864.3,1
000661425.1,1324279.3,1
000679275.1,1423547.3,1
000653235.1,1448514.3,1
000678115.1,1423480.3,1
000674975.1,1421999.3,1
000665065.1,1448794.3,0
000663365.1,1448701.3,0
000661345.1,1324275.3,1
000671155.1,1421986.3,1
000673055.1,1397919.3,1
000667025.1,1354122.3,1
000652215.1,1448452.3,0
000680695.1,1427224.3,1
000676875.1,1422097.3,1
000665785.1,1448836.3,0
000654155.1,1448579.3,1
000671875.1,1397858.3,1
000672035.1,1397866.3,1
000678355.1,1423493.3,1
000655995.1,1427308.3,1
000659845.1,1295776.3,1
000673955.1,1400899.3,0
000664565.1,1448765.3,0
000671035.1,1421979.3,1
000705905.1,1423524.3,1
000654815.1,1448641.3,1
000660965.1,1324255.3,1
000677475.1,1423445.3,1
000679435.1,1423555.3,1
000660305.1,1324221.3,1
000669135.1,1408965.4,1
000651595.1,1448404.3,0
000676835.1,1422095.3,1
000676715.1,1422089.3,1
000650255.1,1447463.3,1
000666465.1,1354148.3,0
000656975.1,1448602.3,1
000681295.1,1427257.3,1
000660945.1,1324254.3,1
000655415.1,1427277.3,0
000649215.1,1438865.3,1
000664905.1,1448785.3,1
000673355.1,1397934.3,1
000652195.1,1448450.3,0
000654715.1,1448636.3,0
000674095.1,1400912.3,1
000674215.1,1400921.3,0
000676075.1,1422057.3,1
000652315.1,1448458.3,0
000654955.1,1448648.3,0
000664065.1,1448738.3,0
000665105.1,1448796.3,0
000654435.1,1448620.3,0
000674195.1,1400920.3,1
000673135.1,1397923.3,1
000675215.1,1422011.3,1
000671855.1,1397857.3,1
000672015.1,1397865.3,1
000674815.1,1408913.4,1
000677375.1,1423440.3,1
000658905.1,1423519.3,1
000679055.1,1423536.3,1
000679095.1,1423538.3,1
000667245.1,1354133.3,0
000651275.1,1447525.3,1
000661465.1,1324281.3,1
000660365.1,1324224.3,0
000675955.1,1422051.3,1
000665765.1,1448834.3,1
000650615.1,1447486.3,1
000655775.1,1427297.3,1
000666245.1,1354143.3,0
000656095.1,1427313.3,1
000679215.1,1423544.3,1
000662885.1,1448677.3,0
000674275.1,1400925.3,1
000676335.1,1422070.3,1
000661185.1,1324266.3,1
000659505.1,1295753.3,1
000672055.1,1397867.3,1
000654135.1,1448577.3,1
000651875.1,1448430.3,0
000655815.1,1427299.3,1
000654295.1,1448613.3,0
000677715.1,1423457.3,1
000663925.1,1448731.3,1
000670735.1,1421961.3,1
000655115.1,1427260.3,1
000675175.1,1422009.3,1
000674015.1,1400907.3,0
000650295.1,1447465.3,1
000663425.1,1448704.3,1
000680055.1,1427187.3,1
000651775.1,1448417.3,0
000674735.1,1408907.4,1
000674315.1,1400927.3,0
000660345.1,1324223.3,1
000655235.1,1427268.3,1
000705925.1,1423495.3,1
000669775.1,1418253.3,1
000665445.1,1448814.3,0
000678315.1,1423490.3,1
000649455.1,1438868.3,1
000653375.1,1448526.3,1
000665685.1,1448828.3,0
000655095.1,1427259.3,1
000676015.1,1422054.3,1
000653915.1,1448562.3,0
000653255.1,1448517.3,1
000668975.1,1408956.4,0
000665725.1,1448830.3,0
000663105.1,1448688.3,0
000652955.1,1448495.3,1
000649275.1,1438859.3,1
000651735.1,1448412.3,0
000664285.1,1448751.3,0
000663245.1,1448695.3,1
000654775.1,1448639.3,0
000676315.1,1422069.3,1
000661205.1,1324267.3,1
000678715.1,1423514.3,1
000661105.1,1324262.3,0
000655075.1,1448654.3,0
000671895.1,1397859.3,1
000656935.1,1448600.3,0
000657995.1,1417026.3,1
000673635.1,1400877.3,1
000654755.1,1448638.3,0
000652675.1,1448477.3,1
000654635.1,1448632.3,0
000663345.1,1448700.3,0
000675795.1,1422043.3,1
000664665.1,1448770.3,0
000657675.1,1455312.3,1
000656175.1,1427317.3,0
000665025.1,1448791.3,0
000680735.1,1427226.3,1
000659565.1,1295758.3,1
000659885.1,1295782.3,1
000680075.1,1427188.3,0
000667045.1,1354123.3,1
000654795.1,1448640.3,0
000678555.1,1423504.3,1
000651715.1,1448411.3,0
000673175.1,1397925.3,1
000658515.1,1438856.3,1
000676475.1,1422077.3,1
000668595.1,1408936.4,1
000656255.1,1427321.3,1
000678575.1,1423505.3,1
000653695.1,1448548.3,0
000658155.1,1427253.3,1
000651655.1,1448407.3,0
000657935.1,1417011.3,1
000669895.1,1421919.3,1
000659525.1,1295756.3,1
000649615.1,1438833.3,1
000677455.1,1423444.3,0
000661485.1,1324282.3,1
000673315.1,1397932.3,1
000676735.1,1422090.3,1
000652135.1,1448447.3,0
000679415.1,1423554.3,1
000673995.1,1400904.3,0
000669075.1,1408962.4,0
000652335.1,1448459.3,0
000652115.1,1448446.3,0
000677535.1,1423448.3,1
000649975.1,1447446.3,1
000659605.1,1295760.3,1
000649935.1,1447443.3,1
000670295.1,1421939.3,1
000649495.1,1438844.3,1
000651855.1,1448428.3,0
000668795.1,1408947.4,0
000671795.1,1397854.3,1
000655675.1,1427292.3,0
000663845.1,1448726.3,0
000673775.1,1400886.3,1
000680315.1,1427203.3,1
000656135.1,1427315.3,1
000656695.1,1448587.3,1
000656375.1,1427329.3,1
000664425.1,1448758.3,0
000706445.1,1427279.3,0
000667465.1,1354101.3,1
000663625.1,1448715.3,1
000659685.1,1295766.3,1
000655395.1,1427276.3,1
000652355.1,1448460.3,0
000664765.1,1448776.3,0
000672715.1,1397902.3,0
000706505.1,1400922.3,1
000649955.1,1447444.3,1
000657455.1,1455288.3,1
000660005.1,1295797.3,0
000663005.1,1448683.3,0
000665645.1,1448825.3,0
000705805.1,1438847.3,1
000662565.1,1448661.3,1
000655655.1,1427291.3,1
000674915.1,1421996.3,1
000653995.1,1448568.3,1
000660625.1,1324237.3,1
000677095.1,1422111.3,1
000668075.1,1402595.3,0
000661855.1,1324301.3,0
000651635.1,1448406.3,0
000670495.1,1421949.3,1
000660605.1,1324236.3,1
000680375.1,1427206.3,1
000665805.1,1448837.3,0
000654255.1,1448611.3,0
000675895.1,1422048.3,1
000659545.1,1295757.3,1
000678255.1,1423487.3,1
000674475.1,1400935.3,1
000672975.1,1397915.3,1
000668395.1,1408925.4,1
000652515.1,1448469.3,1
000667665.1,1354111.3,1
000675015.1,1422001.3,1
000649335.1,1438852.3,1
000649875.1,1447440.3,1
000656955.1,1448601.3,0
000656675.1,1438873.3,1
000677155.1,1423425.3,1
000661405.1,1324278.3,1
000654555.1,1448626.3,0
000658035.1,1438890.3,0
000667935.1,1402587.3,0
000651535.1,1448401.3,0
000670995.1,1421977.3,1
000675435.1,1422022.3,1
000654415.1,1448619.3,0
000671255.1,1421991.3,1
000679675.1,1423567.3,1
000676375.1,1422072.3,1
000668835.1,1408949.4,0
000665625.1,1448824.3,0
000670815.1,1421966.3,1
000677215.1,1423430.3,1
000670635.1,1421956.3,1
000659625.1,1295763.3,1
000655635.1,1427290.3,0
000675115.1,1422006.3,1
000665545.1,1448819.3,0
000668855.1,1408950.4,1
000678035.1,1423475.3,0
000672955.1,1397914.3,1
000667405.1,1354120.3,1
000681335.1,1402586.3,0
000656315.1,1427324.3,0
000670755.1,1421962.3,1
000655275.1,1427270.3,1
000653615.1,1448544.3,1
000677435.1,1423443.3,1
000655215.1,1427266.3,1
000662645.1,1448665.3,0
000680015.1,1427185.3,1
000669015.1,1408958.4,0
000666945.1,1354139.3,0
000661715.1,1324294.3,0
000655855.1,1427301.3,1
000655055.1,1448653.3,0
000664705.1,1448772.3,0
000668175.1,1402600.3,0
000669155.1,1408967.4,1
000657895.1,1408927.4,1
000679895.1,1427178.3,1
000658095.1,1427202.3,1
000706565.1,1448586.3,1
000672295.1,1397880.3,1
000660665.1,1324239.3,1
000667585.1,1354107.3,1
000651355.1,1448392.3,0
000667265.1,1354134.3,1
000673375.1,1397935.3,1
000678015.1,1423474.3,1
000673075.1,1397920.3,1
000649415.1,1438846.3,1
000657355.1,1455283.3,1
000678915.1,1423529.3,1
000705865.1,1438861.3,1
000652415.1,1448463.3,1
000677495.1,1423446.3,1
000657115.1,1455264.3,1
000656335.1,1427325.3,0
000669295.1,1408975.4,0
000655555.1,1427286.3,0
000663905.1,1448730.3,0
000654855.1,1448643.3,0
000663385.1,1448702.3,1
000672735.1,1397903.3,0
000705785.1,1438869.3,1
000651075.1,1447514.3,1
000673335.1,1397933.3,1
000677395.1,1423441.3,1
000668015.1,1402591.3,0
000658755.1,1448575.3,1
000670655.1,1421957.3,1
000656215.1,1427319.3,1
000657615.1,1455307.3,1
000661795.1,1324298.3,0
000673695.1,1400881.3,1
000675655.1,1422036.3,1
000670915.1,1421973.3,1
000668115.1,1402597.3,0
000676775.1,1422092.3,1
000671835.1,1397856.3,1
000673855.1,1400891.3,1
000654575.1,1448627.3,1
000662845.1,1448675.3,0
000651895.1,1448431.3,0
000663125.1,1448689.3,1
000679975.1,1427182.3,1
000650735.1,1447493.3,1
000660205.1,1295807.3,0
000661325.1,1324274.3,1
000668895.1,1408952.4,1
000655515.1,1427283.3,1
000652575.1,1448472.3,1
000654315.1,1448614.3,0
000652695.1,1448478.3,1
000672915.1,1397912.3,0
000671235.1,1421990.3,1
000680355.1,1427205.3,1
000658355.1,1448631.3,0
000657275.1,1455275.3,1
000671135.1,1421985.3,1
000664945.1,1448787.3,0
000667905.1,1402585.3,0
000661775.1,1324297.3,0
000670335.1,1421941.3,1
000661145.1,1324264.3,0
000669495.1,1417018.3,1
000669415.1,1417014.3,1
000651115.1,1447516.3,0
000664085.1,1448739.3,0
000681195.1,1427251.3,1
000668335.1,1408922.4,0
000657395.1,1455285.3,1
000662745.1,1448670.3,1
000655875.1,1427302.3,1
000660125.1,1295803.3,1
000653515.1,1448535.3,0
000660405.1,1324226.3,1
000680815.1,1427230.3,1
000650335.1,1447467.3,0
000661445.1,1324280.3,1
000664205.1,1448746.3,0
000651815.1,1448426.3,0
000656915.1,1448599.3,1
000667185.1,1354130.3,1
000653955.1,1448565.3,1
000676295.1,1422068.3,1
000669375.1,1417012.3,0
000675275.1,1422014.3,1
000668555.1,1408934.4,1
000652595.1,1448473.3,1
000673575.1,1400873.3,1
000669755.1,1418252.3,1
000711635.1,1438854.3,1
000664225.1,1448747.3,0
000674375.1,1400930.3,1
000678075.1,1423478.3,1
000669195.1,1408969.4,1
000679375.1,1423552.3,1
000653315.1,1448522.3,1
000679715.1,1423570.3,1
000669235.1,1408971.4,1
000661165.1,1324265.3,1
000663305.1,1448698.3,0
000678415.1,1423497.3,1
000677795.1,1423461.3,1
000669935.1,1421921.3,1
000660425.1,1324227.3,1
000680195.1,1427194.3,1
000652175.1,1448449.3,0
000662525.1,1448659.3,0
000675395.1,1422020.3,1
000676595.1,1422083.3,1
000653795.1,1448554.3,1
000656995.1,1448604.3,1
000660145.1,1295804.3,1
000650175.1,1447459.3,0
000679735.1,1423571.3,1
000657315.1,1455278.3,1
000660685.1,1324240.3,1
000663745.1,1448721.3,0
000675675.1,1422037.3,1
000659165.1,1267363.3,1
000657495.1,1455290.3,1
000705705.1,1455302.3,1
000660465.1,1324229.3,1
000661385.1,1324277.3,0
000657575.1,1455295.3,1
000678055.1,1423476.3,1
000677775.1,1423460.3,1
000670455.1,1421947.3,1
000668355.1,1408923.4,0
000675455.1,1422023.3,1
000665125.1,1448797.3,1
000650075.1,1447453.3,1
000663465.1,1448706.3,0
000660445.1,1324228.3,1
000650915.1,1447504.3,1
000659005.1,1423515.3,1
000651575.1,1448403.3,0
000652155.1,1448448.3,0
000656555.1,1438834.3,1
000654895.1,1448645.3,0
000675975.1,1422052.3,1
000655175.1,1427264.3,0
000660985.1,1324256.3,1
000673415.1,1397937.3,1
000658925.1,1423521.3,1
000663325.1,1448699.3,0
000670695.1,1421959.3,1
000663705.1,1448719.3,0
000661735.1,1324295.3,0
000650455.1,1447474.3,1
000664845.1,1448781.3,1
000659145.1,1267362.3,1
000678175.1,1423483.3,1
000669735.1,1418251.3,1
000667065.1,1354124.3,1
000655535.1,1427285.3,1
000680715.1,1427225.3,0
000679955.1,1427181.3,0
000660925.1,1324253.3,1
000674135.1,1400915.3,1
000676695.1,1422088.3,1
000671775.1,1397853.3,1
000672095.1,1397869.3,1
000673015.1,1397917.3,1
000661305.1,1324273.3,1
000649515.1,1438874.3,1
000668675.1,1408940.4,0
000675595.1,1422033.3,1
000706285.1,1447506.3,1
000678095.1,1423479.3,0
000681315.1,1427258.3,1
000673035.1,1397918.3,1
000674415.1,1400932.3,1
000664405.1,1448757.3,0
000651615.1,1448405.3,0
000666665.1,1354158.3,0
000680475.1,1427211.3,1
000662605.1,1448663.3,0
000674515.1,1400937.3,1
000672495.1,1397890.3,0
000660905.1,1324252.3,1
000673495.1,1397941.3,0
000674755.1,1408909.4,0
000670435.1,1421946.3,1
000667645.1,1354110.3,1
000706165.1,1421968.3,1
000656115.1,1427314.3,1
000680335.1,1427204.3,1
000657175.1,1455269.3,1
000676195.1,1422063.3,1
000660485.1,1324230.3,1
000670555.1,1421952.3,1
000653155.1,1448508.3,1
000673935.1,1400898.3,1
000674155.1,1400916.3,1
000670395.1,1421944.3,1
000651295.1,1447526.3,1
000668415.1,1408926.4,1
000657975.1,1417020.3,0
000674795.1,1408912.4,1
000670175.1,1421933.3,1
000659865.1,1295781.3,1
000655495.1,1427282.3,1
000675475.1,1422024.3,1
000651555.1,1448402.3,0
000665085.1,1448795.3,0
000654995.1,1448650.3,1
000655615.1,1427289.3,1
000651515.1,1448400.3,0
000677235.1,1423431.3,1
000650535.1,1447480.3,1
000669995.1,1421924.3,1
000651155.1,1447519.3,1
000668475.1,1408930.4,0
000650315.1,1447466.3,1
000670215.1,1421935.3,1
000674875.1,1421994.3,1
000706085.1,1448773.3,0
000657435.1,1455287.3,1
000676995.1,1422106.3,1
000674575.1,1400941.3,1
000679795.1,1423574.3,1
000650855.1,1447500.3,0
000678635.1,1423509.3,1
000664045.1,1448737.3,0
000652555.1,1448471.3,1
000665005.1,1448790.3,0
000663085.1,1448687.3,1
000677595.1,1423451.3,1
000679115.1,1423539.3,1
000677015.1,1422107.3,1
000663565.1,1448711.3,0
000649295.1,1438858.3,1
000661635.1,1324290.3,0
000665525.1,1448818.3,0
000656075.1,1427312.3,1
000671115.1,1421984.3,1
000706145.1,1448655.3,0
000677195.1,1423428.3,1
000672415.1,1397886.3,1
000674555.1,1400940.3,1
000653635.1,1448545.3,1
000672615.1,1397896.3,0
000654675.1,1448634.3,0
000680655.1,1427222.3,1
000676955.1,1422104.3,1
000676435.1,1422075.3,1
000673675.1,1400880.3,1
000659125.1,1267361.3,1
000652735.1,1448480.3,1
000672195.1,1397875.3,1
000659245.1,1295723.3,1
000665405.1,1448812.3,1
000655695.1,1427293.3,1
000662805.1,1448673.3,1
000654535.1,1448625.3,0
000676155.1,1422061.3,1
000650015.1,1447449.3,1
000672635.1,1397897.3,0
000651995.1,1448437.3,0
000661525.1,1324284.3,1
000679615.1,1423564.3,1
000652095.1,1448445.3,0
000667975.1,1402589.3,0
000665485.1,1448816.3,0
000658435.1,1438866.3,1
000659105.1,1267360.3,1
000667685.1,1354112.3,1
000674395.1,1400931.3,1
000661615.1,1324289.3,0
000678395.1,1423496.3,0
000706465.1,1408972.3,1
000675195.1,1422010.3,1
000665385.1,1448811.3,0
000656715.1,1448588.3,1
000666525.1,1354151.3,1
000651935.1,1448433.3,0
000680615.1,1427219.3,0
000679455.1,1423556.3,1
000677275.1,1423435.3,1
000652035.1,1448440.3,0
000650715.1,1447492.3,1
000655435.1,1427278.3,1
000653475.1,1448532.3,1
000664165.1,1448744.3,1
000677415.1,1423442.3,1
000674995.1,1422000.3,1
000673915.1,1400895.3,0
000667995.1,1402590.3,0
000667105.1,1354126.3,1
000681255.1,1427255.3,1
000658015.1,1417028.3,1
000663405.1,1448703.3,0
000662985.1,1448682.3,0
000653655.1,1448546.3,1
000656395.1,1427330.3,1
000651055.1,1447513.3,0
000668195.1,1402601.3,0
000681055.1,1427243.3,1
000675875.1,1422047.3,1
000677635.1,1423453.3,1
000706785.1,1400897.3,0
000667225.1,1354132.3,0
000670775.1,1421964.3,1
000653555.1,1448538.3,1
000652895.1,1448491.3,1
000671075.1,1421982.3,1
000669515.1,1417021.3,0
000680095.1,1427189.3,1
000666485.1,1354149.3,1
000675095.1,1422005.3,1
000655315.1,1427272.3,1
000669455.1,1417016.3,1
000671935.1,1397861.3,1
000663785.1,1448723.3,0
000651915.1,1448432.3,0
000664145.1,1448743.3,1
000668295.1,1408920.4,0
000678615.1,1423508.3,1
000659705.1,1295767.3,1
000664105.1,1448740.3,0
000675235.1,1422012.3,1
000705845.1,1438850.3,1
000653335.1,1448523.3,1
000677695.1,1423456.3,1
000675775.1,1422042.3,1
000649475.1,1438845.3,1
000649435.1,1438870.3,1
000664305.1,1448752.3,0
000659365.1,1295740.3,1
000652775.1,1448482.3,1
000706105.1,1448749.3,1
000650975.1,1447509.3,0
000663665.1,1448717.3,0
000667505.1,1354103.3,1
000663145.1,1448690.3,1
000669255.1,1408973.4,1
000662825.1,1448674.3,0
000652715.1,1448479.3,1
000672895.1,1397911.3,0
000678135.1,1423481.3,1
000669615.1,1417031.3,1
000680175.1,1427193.3,1
000652915.1,1448492.3,1
000672135.1,1397872.3,1
000662485.1,1448657.3,0
000670835.1,1421967.3,1
000649575.1,1438837.3,1
000675135.1,1422007.3,1
000658815.1,1448606.3,1
000668435.1,1408928.4,0
000653815.1,1448555.3,1
000678815.1,1423522.3,1
000663685.1,1448718.3,0
000665245.1,1448803.3,0
000667165.1,1354129.3,1
000664825.1,1448780.3,1
000674255.1,1400924.3,1
000656435.1,1438881.3,0
000676555.1,1422081.3,1
000657015.1,1448605.3,1
000678515.1,1423502.3,1
000677935.1,1423469.3,1
000649535.1,1438842.3,1
000678835.1,1423523.3,1
000669695.1,1418250.3,0
000656615.1,1438877.3,0
000680275.1,1427199.3,1
000706065.1,1448827.3,1
000706185.1,1354113.3,1
000677035.1,1422108.3,1
000681095.1,1427245.3,0
000665045.1,1448792.3,0
000654395.1,1448618.3,1
000649795.1,1447434.3,1
000650655.1,1447489.3,1
000673715.1,1400882.3,1
000680975.1,1427239.3,1
000664625.1,1448768.3,0
000680135.1,1427191.3,1
000654835.1,1448642.3,0
000675255.1,1422013.3,1
000668095.1,1402596.3,0
000670095.1,1421929.3,1
000651375.1,1448393.3,0
000672675.1,1397900.3,0
000651255.1,1447524.3,1
000665345.1,1448808.3,0
000680155.1,1427192.3,1
000675335.1,1422017.3,1
000650035.1,1447451.3,1
000672315.1,1397881.3,1
000657475.1,1455289.3,1
000679235.1,1423545.3,1
000650055.1,1447452.3,0
000669095.1,1408963.4,1
000667725.1,1354115.3,1
000650435.1,1447472.3,1
000706125.1,1448714.3,0
000677355.1,1423439.3,1
000678995.1,1423533.3,0
000658395.1,1448777.3,0
000674235.1,1400923.3,1
000674935.1,1421997.3,1
000669535.1,1417023.3,1
000676255.1,1422066.3,1
000667565.1,1354106.3,1
000706425.1,1447450.3,0
000661695.1,1324293.3,0
000658615.1,1448516.3,1
000660805.1,1324247.3,1
000679875.1,1427177.3,1
000669715.1,83331.31,0
000664185.1,1448745.3,0
000659285.1,1295725.3,1
000656835.1,1448594.3,1
000654495.1,1448623.3,0
000672355.1,1397883.3,1
000673875.1,1400893.3,0
000652815.1,1448484.3,1
000665145.1,1448798.3,1
000657415.1,1455286.3,1
000669175.1,1408968.4,0
000661025.1,1324258.3,1
000659345.1,1295739.3,1
000666545.1,1354152.3,0
000670615.1,1421955.3,1
000676135.1,1422060.3,1
000654175.1,1448582.3,1
000677135.1,1422113.3,1
000662465.1,1448656.3,0
000669035.1,1408959.4,0
000678875.1,1423527.3,1
000674075.1,1400911.3,0
000670935.1,1421974.3,1
000663605.1,1448713.3,0
000672155.1,1397873.3,1
000650935.1,1447507.3,1
000658495.1,1438853.3,1
000663885.1,1448729.3,0
000677655.1,1423454.3,1
000670575.1,1421953.3,1
000652295.1,1448456.3,0
000649995.1,1447447.3,0
000665665.1,1448826.3,0
000663965.1,1448733.3,0
000669055.1,1408960.4,0
000670155.1,1421932.3,1
000659265.1,1295724.3,1
000654455.1,1448621.3,0
000658375.1,1448727.3,0
000681135.1,1427248.3,1
000677915.1,1423468.3,1
000656735.1,1448589.3,1
000660545.1,1324233.3,1
000672835.1,1397908.3,1
000673815.1,1400888.3,1
000675695.1,1422038.3,1
000706305.1,1447505.3,1
000670035.1,1421926.3,1
000664005.1,1448735.3,1
000664385.1,1448756.3,1
000659485.1,1295751.3,1
000671215.1,1421989.3,1
000680575.1,1427217.3,1
000679495.1,1423558.3,1
000679395.1,1423553.3,0
000706545.1,1267357.3,1
000706405.1,1447473.3,1
000664345.1,1448754.3,0
000659745.1,1295771.3,1
000679315.1,1423549.3,1
000680115.1,1427190.3,0
000680955.1,1427238.3,0
000662625.1,1448664.3,0
000678895.1,1423528.3,1
000675315.1,1422016.3,1
000666505.1,1354150.3,0
000676515.1,1422079.3,1
000668715.1,1408942.4,1
000665365.1,1448810.3,0
000664465.1,1448760.3,0
000673555.1,1400872.3,1
000650955.1,1447508.3,0
000662725.1,1448669.3,0
000664365.1,1448755.3,0
000677575.1,1423450.3,1
000655895.1,1427303.3,1
000663265.1,1448696.3,0
000669215.1,1408970.4,0
000651435.1,1448396.3,0
000665165.1,1448799.3,0
000668215.1,1402602.3,0
000651475.1,1448398.3,0
000667545.1,1354105.3,1
000664745.1,1448775.3,0
000676275.1,1422067.3,1
000658695.1,1448564.3,1
000654935.1,1448647.3,0
000677975.1,1423471.3,1
000652495.1,1448468.3,1
000663485.1,1448707.3,0
000657635.1,1455308.3,1
000677515.1,1423447.3,1
000656755.1,1448590.3,1
000665225.1,1448802.3,0
000667705.1,1354114.3,1
000681035.1,1427242.3,0
000661065.1,1324260.3,1
000667285.1,1354135.3,1
000653095.1,1448505.3,1
000680675.1,1427223.3,1
000656655.1,1438862.3,1
000678795.1,1423520.3,1
000658175.1,1447435.3,0
000658135.1,1427231.3,1
000654915.1,1448646.3,1
000664025.1,1448736.3,0
000651495.1,1448399.3,0
000676415.1,1422074.3,1
000659205.1,1295720.3,1
000676975.1,1422105.3,1
000670055.1,1421927.3,1
000676535.1,1422080.3,1
000653355.1,1448524.3,1
000650135.1,1447457.3,1
000662355.1,1324285.3,0
000678195.1,1423484.3,1
000658635.1,1448527.3,1
000664585.1,1448766.3,0
000669595.1,1417030.3,1
000679815.1,1423575.3,1
000657555.1,1455294.3,1
000658855.1,1423506.3,1
000672655.1,1397899.3,0
000679515.1,1423559.3,1
000659225.1,1295721.3,1
000678535.1,1423503.3,1
000657595.1,1455305.3,1
000678455.1,1423499.3,1
000679635.1,1423565.3,1
000652795.1,1448483.3,1
000656775.1,1448591.3,1
000678955.1,1423531.3,1
000662705.1,1448668.3,0
000655595.1,1427288.3,0
000651235.1,1447523.3,1
000680795.1,1427229.3,1
000668775.1,1408946.4,0
000664865.1,1448783.3,1
000660505.1,1324231.3,1
000670955.1,1421975.3,1
000652275.1,1448455.3,0
000666285.1,1354144.3,0
000677955.1,1423470.3,1
000679355.1,1423551.3,1
000668035.1,1402592.3,0
000674715.1,1408906.4,1
000662545.1,1448660.3,0
000674035.1,1400908.3,0
000653215.1,1448513.3,0
000653735.1,1448550.3,1
000679015.1,1423534.3,1
000669915.1,1421920.3,1
000681275.1,1427256.3,1
000668515.1,1408932.4,1
000672175.1,1397874.3,1
000675575.1,1422030.3,1
000676115.1,1422059.3,1
000667745.1,1354116.3,1
000664245.1,1448748.3,0
000667205.1,1354131.3,1
000669875.1,1421918.3,1
000656455.1,1438839.3,0
000675855.1,1422046.3,1
000681075.1,1427244.3,1
000673755.1,1400884.3,1
000663445.1,1448705.3,0
000672115.1,1397871.3,1
000680915.1,1427236.3,1
000670275.1,1421938.3,1
000661285.1,1324272.3,1
000669395.1,1417013.3,1
000660225.1,1295808.3,0
000655335.1,1427273.3,1
000664685.1,1448771.3,0
000657055.1,1448608.3,1
000668875.1,1408951.4,0
000649555.1,1438838.3,1
000670315.1,1421940.3,1
000663645.1,1448716.3,1
000677055.1,1422109.3,1
000660825.1,1324248.3,1
000681115.1,1427246.3,1
000676675.1,1422087.3,1
000655975.1,1427307.3,0
000677335.1,1423438.3,1
000653115.1,1448506.3,1
000672235.1,1397877.3,0
000663725.1,1448720.3,0
000652995.1,1448497.3,1
000681215.1,1427252.3,1
000651415.1,1448395.3,1
000680935.1,1427237.3,1
000664985.1,1448789.3,0
000649395.1,1438848.3,1
000650895.1,1447502.3,1
000650475.1,1447475.3,1
000675495.1,1422025.3,1
000655475.1,1427281.3,1
000672455.1,1397888.3,1
000674855.1,1408915.4,0
000657515.1,1455291.3,1
000654235.1,1448610.3,0
000706045.1,1448831.3,0
000680235.1,1427196.3,0
000667625.1,1354109.3,1
000655735.1,1427295.3,1
000672255.1,1397878.3,1
000656475.1,1438841.3,1
000665585.1,1448822.3,0
000678975.1,1423532.3,1
000658575.1,1448467.3,1
000676635.1,1422085.3,1
000668455.1,1408929.4,0
000655955.1,1427306.3,1
000664545.1,1448764.3,1
000657035.1,1448607.3,1
000660845.1,1324249.3,1
000676175.1,1422062.3,1
000660285.1,1324220.3,0
000662945.1,1448680.3,1
000659725.1,1295769.3,1
000657135.1,1455266.3,1
000668155.1,1402599.3,0
000656575.1,1438879.3,0
000672775.1,1397905.3,0
000653875.1,1448560.3,1
000658235.1,1447456.3,0
000670475.1,1421948.3,1
000674175.1,1400918.3,1
000706365.1,1447488.3,1
000673295.1,1397931.3,1
000675815.1,1422044.3,1
000652255.1,1448454.3,0
000662905.1,1448678.3,0
000663765.1,1448722.3,0
000670135.1,1421931.3,1
000678755.1,1423517.3,1
000654035.1,1448570.3,1
000668055.1,1402593.3,0
000656055.1,1427311.3,1
000660525.1,1324232.3,1
000663585.1,1448712.3,0
000670515.1,1421950.3,1
000674775.1,1408911.4,0
000675755.1,1422041.3,1
000654655.1,1448633.3,0
000650495.1,1447476.3,1
000672395.1,1397885.3,1
000680535.1,1427215.3,1
000670855.1,1421969.3,1
000673595.1,1400874.3,1
000664885.1,1448784.3,1
000675355.1,1422018.3,1
000655015.1,1448651.3,0
000664785.1,1448778.3,0
000654075.1,1448572.3,1
000654335.1,1448615.3,0
000660725.1,1324242.3,1
000670975.1,1421976.3,1
000675535.1,1422027.3,1
000657655.1,1455311.3,1
000680495.1,1427212.3,0
000681155.1,1427249.3,1
000657155.1,1455268.3,1
000654055.1,1448571.3,1
000705765.1,1448436.3,0
000664925.1,1448786.3,1
000654215.1,1448585.3,1
000660705.1,1324241.3,1
000670415.1,1421945.3,1
000655035.1,1448652.3,0
000676935.1,1422103.3,1
000668495.1,1408931.4,1
000654515.1,1448624.3,0
000674695.1,1408905.4,1
000678675.1,1423511.3,1
000678335.1,1423492.3,1
000667125.1,1354127.3,1
000672215.1,1397876.3,1
000666365.1,1354147.3,0
000665565.1,1448821.3,0
000711645.1,1455292.3,1
000660885.1,1324251.3,1
000668655.1,1408939.4,1
000651695.1,1448410.3,0
000664605.1,1448767.3,0
000663065.1,1448686.3,0
000672555.1,1397893.3,0
000652235.1,1448453.3,0
000662965.1,1448681.3,0
000659905.1,1295790.3,1
000671975.1,1397863.3,1
000679075.1,1423537.3,1
000668135.1,1402598.3,0
000673215.1,1397927.3,1
000658215.1,1447448.3,1
000659985.1,1295796.3,1
000676575.1,1422082.3,1
000705725.1,1448537.3,0
000654015.1,1448569.3,1
000706385.1,1447482.3,0
000668375.1,1408924.4,0
000676235.1,1422065.3,1
000661675.1,1324292.3,0
000679655.1,1423566.3,1
000665265.1,1448804.3,0
000680635.1,1427221.3,1
000660045.1,1295799.3,1
000673235.1,1397928.3,1
000672475.1,1397889.3,0
000658475.1,1438863.3,1
000660765.1,1324244.3,1
000675995.1,1422053.3,1
000654195.1,1448584.3,1
000674835.1,1408914.4,0
000665505.1,1448817.3,0
000663945.1,1448732.3,0
000656815.1,1448593.3,1
000706265.1,1447518.3,1
000706325.1,1447503.3,1
000661655.1,1324291.3,0
000655195.1,1427265.3,1
000678275.1,1423488.3,1
000678655.1,1423510.3,1
000664325.1,1448753.3,1
000672575.1,1397894.3,0
000656295.1,1427323.3,1
000663045.1,1448685.3,0
000649375.1,1438849.3,1
000659925.1,1295791.3,1
000653175.1,1448509.3,1
000672755.1,1397904.3,0
000654475.1,1448622.3,1
000658075.1,1438884.3,1
000667085.1,1354125.3,1
000653855.1,1448559.3,1
000662785.1,1448672.3,0
000666345.1,1354146.3,0
000651215.1,1447522.3,0
000663165.1,1448691.3,0
000681235.1,1427254.3,1
000663985.1,1448734.3,0
000657835.1,1324246.3,0
000658115.1,1427214.3,1
000654695.1,1448635.3,0
000652475.1,1448466.3,1
000655455.1,1427280.3,1
000669975.1,1421923.3,1
000672535.1,1397892.3,0
000650775.1,1447495.3,1
000663825.1,1448725.3,0
000669315.1,1417008.3,1
000680215.1,1427195.3,1
000667765.1,1354117.3,1
000667305.1,1354136.3,1
000664805.1,1448779.3,0
000659765.1,1295772.3,1
000659045.1,1267356.3,1
000668575.1,1408935.4,1
000304555.1,1773.31,1
000706005.1,1423427.3,1
000681175.1,1427250.3,1
000677815.1,1423462.3,1
000661045.1,1324259.3,1
000655375.1,1427275.3,1
000668815.1,1408948.4,0
000668695.1,1408941.4,1
000659945.1,1295792.3,1
000670375.1,1421943.3,1
000679575.1,1423562.3,1
000673795.1,1400887.3,1
000705745.1,1448519.3,1
000670195.1,1421934.3,1
000675635.1,1422035.3,1
000653195.1,1448512.3,1
000673975.1,1400902.3,0
000658795.1,1448598.3,1
000666885.1,1354137.3,0
000706205.1,1354156.3,0
000680435.1,1427209.3,1
000665465.1,1448815.3,0
000657295.1,1455276.3,1
000655795.1,1427298.3,1
000652455.1,1448465.3,1
000674355.1,1400929.3,0
000657375.1,1455284.3,1
000676795.1,1422093.3,1
000678775.1,1423518.3,1
000663505.1,1448708.3,0
000659405.1,1295744.3,1
000656035.1,1427310.3,0
000674055.1,1400909.3,0
000675035.1,1422002.3,1
000659785.1,1295773.3,1
000652875.1,1448488.3,1
000649815.1,1447437.3,1
000665745.1,1448833.3,1
000649355.1,1438851.3,1
000656015.1,1427309.3,1
000664445.1,1448759.3,0
000651135.1,1447517.3,0
000657235.1,1455273.3,1
000650195.1,1447460.3,1
000656855.1,1448595.3,1
000674435.1,1400933.3,1
000705825.1,1438871.3,1
000672335.1,1397882.3,1
000675295.1,1422015.3,1
000649595.1,1438835.3,1
000672435.1,1397887.3,1
000671275.1,1421992.3,1
000668615.1,1408937.4,1
000673115.1,1397922.3,1
000676215.1,1422064.3,1
000668235.1,652616.4,0
000656195.1,1427318.3,1
000680255.1,1427197.3,1
000651455.1,1448397.3,0
000660085.1,1295801.3,1
000654375.1,1448617.3,0
000680455.1,1427210.3,1
000650155.1,1447458.3,1
000663205.1,1448693.3,1
000674115.1,1400914.3,1
000659025.1,1267355.3,0
000655935.1,1427305.3,1
000673255.1,1397929.3,1
000652375.1,1448461.3,0
000653495.1,1448533.3,0
000667345.1,1354142.3,1
000669475.1,1417017.3,1
000663525.1,1448709.3,0
000659425.1,1295745.3,1
000662925.1,1448679.3,0
000667865.1,1402583.3,1
000679135.1,1423540.3,1
000677255.1,1423432.3,0
000679775.1,1423573.3,1
000679995.1,1427183.3,0
000654275.1,1448612.3,0
000663805.1,1448724.3,0
000661595.1,1324288.3,0
000674335.1,1400928.3,0
000649235.1,1438843.3,1
000667145.1,1354128.3,1
000679155.1,1423541.3,1
000679035.1,1423535.3,1
000650355.1,1447468.3,1
000652055.1,1448442.3,0
000650575.1,1447484.3,1
000651675.1,1448409.3,0
000663185.1,1448692.3,0
000680515.1,1427213.3,1
000652835.1,1448485.3,1
000677735.1,1423458.3,1
000653415.1,1448529.3,1
000671995.1,1397864.3,1
000672995.1,1397916.3,1
000669115.1,1408964.4,1
000676095.1,1422058.3,1
000678155.1,1423482.3,1
000655355.1,1427274.3,0
000676895.1,1422098.3,1
000665605.1,1448823.3,0
000678215.1,1423485.3,1
000669795.1,1418254.3,1
000654095.1,1448574.3,1
000679555.1,1423561.3,1
000680895.1,1427235.3,1
000672695.1,1397901.3,0
000651195.1,1447521.3,0
000651395.1,1448394.3,0
000680415.1,1427208.3,1
000660785.1,1324245.3,1
000669555.1,1417027.3,1
000669435.1,1417015.3,1
000666805.1,1354155.3,0
000667605.1,1354108.3,1
000675735.1,1422040.3,1
000675615.1,1422034.3,1
000706485.1,1400938.3,1
000652075.1,1448443.3,0
000680555.1,1427216.3,1
000679195.1,1423543.3,1
000672595.1,1397895.3,0
000664485.1,1448761.3,0
000671955.1,1397862.3,1
000659445.1,1295746.3,1
000675155.1,1422008.3,1
000679755.1,1423572.3,1
000670675.1,1421958.3,1
000670895.1,1421972.3,1
000661265.1,1324271.3,1
000705985.1,1423464.3,1
000676395.1,1422073.3,1
000679255.1,1423546.3,1
000651975.1,1448435.3,1
000678475.1,1423500.3,1
000676615.1,1422084.3,1
000664965.1,1448788.3,0
000656895.1,1448597.3,1
000706245.1,1354157.3,0
000655715.1,1427294.3,1
000672375.1,1397884.3,1
000665425.1,1448813.3,1
000670715.1,1421960.3,1
000651955.1,1448434.3,0
000655295.1,1427271.3,0
000672515.1,1397891.3,0
000668995.1,1408957.4,0
000675055.1,1422003.3,1
000661505.1,1324283.3,1
000660865.1,1324250.3,1
000675715.1,1422039.3,1
000665185.1,1448800.3,0
000657255.1,1455274.3,1
000657875.1,1408916.4,1
000663285.1,1448697.3,0
000681015.1,1427241.3,1
000659465.1,1295747.3,1
000675835.1,1422045.3,1
000660105.1,1295802.3,0
000705965.1,1423473.3,1
000661245.1,1324270.3,1
000651175.1,1447520.3,1
000658335.1,1448630.3,0
000677675.1,1423455.3,1
000657195.1,1455270.3,1
000668955.1,1408955.4,0
000677855.1,1423465.3,1
000656875.1,1448596.3,1
000659385.1,1295742.3,1
000668315.1,1408921.4,1
000677075.1,1422110.3,1
000650275.1,1447464.3,0
000652015.1,1448439.3,0
000660745.1,1324243.3,1
000675375.1,1422019.3,1
000677615.1,1423452.3,0
000674495.1,1400936.3,0
000666565.1,1354153.3,0
000676495.1,1422078.3,1
000679295.1,1423548.3,1
000667485.1,1354102.3,1
000675515.1,1422026.3,1
000659805.1,1295774.3,1
000661555.1,1324286.3,0
000656795.1,1448592.3,1
000650395.1,1447470.3,1
000649895.1,1447441.3,1
000657955.1,1417019.3,1
000671015.1,1421978.3,1
000653015.1,1448498.3,1
000671915.1,1397860.3,1
000674895.1,1421995.3,1
000659965.1,1295795.3,1
000680395.1,1427207.3,1
000659825.1,1295775.3,1
000661575.1,1324287.3,1
000650095.1,1447454.3,1
000674535.1,1400939.3,1
000660025.1,1295798.3,1
000655915.1,1427304.3,1
000657095.1,1455263.3,1
000668635.1,1408938.4,0
000660265.1,1324219.3,0
000668935.1,1408954.4,0
000671175.1,1421987.3,1
000660165.1,1295805.3,1
000679535.1,1423560.3,1
000679475.1,1423557.3,1
000652755.1,1448481.3,1
000666325.1,1354145.3,0
000705885.1,1423569.3,0
000674955.1,1421998.3,1
000663865.1,1448728.3,0
000663225.1,1448694.3,1
000658835.1,1421993.3,1
000673275.1,1397930.3,1
