GCF_000304555	NC_016934
GCF_000786505	NZ_HG813240
GCF_000711645	NZ_JJSJ01000001
GCF_000711645	NZ_JJSJ01000002
GCF_000711645	NZ_JJSJ01000003
GCF_000711645	NZ_JJSJ01000005
GCF_000711645	NZ_JJSJ01000007
GCF_000711645	NZ_JJSJ01000008
GCF_000711645	NZ_JJSJ01000009
GCF_000711645	NZ_JJSJ01000010
GCF_000711645	NZ_JJSJ01000012
GCF_000711645	NZ_JJSJ01000013
GCF_000711645	NZ_JJSJ01000015
GCF_000711645	NZ_JJSJ01000016
GCF_000711645	NZ_JJSJ01000018
GCF_000711645	NZ_JJSJ01000019
GCF_000711645	NZ_JJSJ01000020
GCF_000711645	NZ_JJSJ01000023
GCF_000711645	NZ_JJSJ01000024
GCF_000711645	NZ_JJSJ01000025
GCF_000711645	NZ_JJSJ01000026
GCF_000711645	NZ_JJSJ01000030
GCF_000711645	NZ_JJSJ01000032
GCF_000711645	NZ_JJSJ01000033
GCF_000711645	NZ_JJSJ01000034
GCF_000711645	NZ_JJSJ01000035
GCF_000711645	NZ_JJSJ01000037
GCF_000711645	NZ_JJSJ01000038
GCF_000711645	NZ_JJSJ01000039
GCF_000711645	NZ_JJSJ01000040
GCF_000711645	NZ_JJSJ01000041
GCF_000711645	NZ_JJSJ01000042
GCF_000711645	NZ_JJSJ01000047
GCF_000711645	NZ_JJSJ01000050
GCF_000711645	NZ_JJSJ01000051
GCF_000711645	NZ_JJSJ01000052
GCF_000711645	NZ_JJSJ01000054
GCF_000711645	NZ_JJSJ01000056
GCF_000711645	NZ_JJSJ01000058
GCF_000711645	NZ_JJSJ01000059
GCF_000711645	NZ_JJSJ01000061
GCF_000711645	NZ_JJSJ01000063
GCF_000711645	NZ_JJSJ01000064
GCF_000711645	NZ_JJSJ01000069
GCF_000711645	NZ_JJSJ01000070
GCF_000711645	NZ_JJSJ01000072
GCF_000711645	NZ_JJSJ01000074
GCF_000711645	NZ_JJSJ01000076
GCF_000711645	NZ_JJSJ01000079
GCF_000711645	NZ_JJSJ01000080
GCF_000711645	NZ_JJSJ01000082
GCF_000711645	NZ_JJSJ01000083
GCF_000711645	NZ_JJSJ01000089
GCF_000658135	NZ_JLKL01000001
GCF_000658135	NZ_JLKL01000002
GCF_000657835	NZ_JLYL01000001
GCF_000657835	NZ_JLYL01000002
GCF_000655115	NZ_KK322473
GCF_000655115	NZ_KK322474
GCF_000655115	NZ_KK322475
GCF_000655115	NZ_KK322476
GCF_000655115	NZ_KK322477
GCF_000655115	NZ_KK322478
GCF_000655115	NZ_KK322479
GCF_000655115	NZ_KK322480
GCF_000655115	NZ_KK322481
GCF_000655135	NZ_KK322482
GCF_000655135	NZ_KK322483
GCF_000655135	NZ_KK322484
GCF_000655135	NZ_KK322485
GCF_000655135	NZ_KK322486
GCF_000655135	NZ_KK322487
GCF_000655135	NZ_KK322488
GCF_000655135	NZ_KK322489
GCF_000655155	NZ_KK322490
GCF_000655155	NZ_KK322491
GCF_000655155	NZ_KK322492
GCF_000655175	NZ_KK322493
GCF_000655175	NZ_KK322494
GCF_000655175	NZ_KK322495
GCF_000655175	NZ_KK322496
GCF_000655175	NZ_KK322497
GCF_000655175	NZ_KK322498
GCF_000655175	NZ_KK322499
GCF_000655275	NZ_KK322516
GCF_000655275	NZ_KK322517
GCF_000655275	NZ_KK322519
GCF_000655375	NZ_KK322552
GCF_000655375	NZ_KK322553
GCF_000655375	NZ_KK322554
GCF_000655375	NZ_KK322555
GCF_000655375	NZ_KK322556
GCF_000655375	NZ_KK322557
GCF_000655535	NZ_KK322616
GCF_000655535	NZ_KK322617
GCF_000655535	NZ_KK322618
GCF_000655555	NZ_KK322619
GCF_000655555	NZ_KK322620
GCF_000655555	NZ_KK322622
GCF_000655735	NZ_KK322657
GCF_000655735	NZ_KK322658
GCF_000655735	NZ_KK322659
GCF_000655815	NZ_KK322672
GCF_000655815	NZ_KK322673
GCF_000655815	NZ_KK322674
GCF_000655815	NZ_KK322675
GCF_000655815	NZ_KK322676
GCF_000655855	NZ_KK322692
GCF_000655855	NZ_KK322693
GCF_000655855	NZ_KK322694
GCF_000655855	NZ_KK322695
GCF_000655855	NZ_KK322696
GCF_000655855	NZ_KK322697
GCF_000655855	NZ_KK322698
GCF_000655875	NZ_KK322699
GCF_000655875	NZ_KK322700
GCF_000655875	NZ_KK322701
GCF_000655875	NZ_KK322702
GCF_000655875	NZ_KK322703
GCF_000655875	NZ_KK322704
GCF_000656075	NZ_KK322782
GCF_000656075	NZ_KK322783
GCF_000656075	NZ_KK322784
GCF_000656075	NZ_KK322785
GCF_000656115	NZ_KK322791
GCF_000656115	NZ_KK322792
GCF_000656115	NZ_KK322793
GCF_000656115	NZ_KK322794
GCF_000656115	NZ_KK322795
GCF_000656115	NZ_KK322796
GCF_000656115	NZ_KK322797
GCF_000656115	NZ_KK322801
GCF_000656195	NZ_KK322823
GCF_000656195	NZ_KK322824
GCF_000656195	NZ_KK322825
GCF_000656195	NZ_KK322826
GCF_000656195	NZ_KK322827
GCF_000656195	NZ_KK322828
GCF_000656195	NZ_KK322829
GCF_000656195	NZ_KK322830
GCF_000656195	NZ_KK322831
GCF_000657095	NZ_KK325006
GCF_000657095	NZ_KK325008
GCF_000657095	NZ_KK325011
GCF_000657095	NZ_KK325015
GCF_000657095	NZ_KK325016
GCF_000657095	NZ_KK325019
GCF_000657095	NZ_KK325026
GCF_000657095	NZ_KK325028
GCF_000657095	NZ_KK325031
GCF_000657095	NZ_KK325033
GCF_000657095	NZ_KK325035
GCF_000657095	NZ_KK325036
GCF_000657095	NZ_KK325039
GCF_000657095	NZ_KK325041
GCF_000657095	NZ_KK325042
GCF_000657095	NZ_KK325049
GCF_000657095	NZ_KK325058
GCF_000657095	NZ_KK325061
GCF_000657095	NZ_KK325067
GCF_000657095	NZ_KK325072
GCF_000657095	NZ_KK325073
GCF_000657095	NZ_KK325076
GCF_000657095	NZ_KK325080
GCF_000657095	NZ_KK325081
GCF_000657095	NZ_KK325083
GCF_000657095	NZ_KK325085
GCF_000657095	NZ_KK325089
GCF_000657095	NZ_KK325092
GCF_000657095	NZ_KK325096
GCF_000657095	NZ_KK325102
GCF_000657095	NZ_KK325108
GCF_000657095	NZ_KK325111
GCF_000657095	NZ_KK325113
GCF_000657095	NZ_KK325115
GCF_000657095	NZ_KK325123
GCF_000657095	NZ_KK325124
GCF_000657095	NZ_KK325134
GCF_000657095	NZ_KK325150
GCF_000657095	NZ_KK325152
GCF_000657095	NZ_KK325154
GCF_000657095	NZ_KK325156
GCF_000657095	NZ_KK325164
GCF_000657095	NZ_KK325173
GCF_000657095	NZ_KK325175
GCF_000657095	NZ_KK325177
GCF_000657095	NZ_KK325181
GCF_000657095	NZ_KK325183
GCF_000657095	NZ_KK325185
GCF_000657095	NZ_KK325187
GCF_000657095	NZ_KK325189
GCF_000657095	NZ_KK325190
GCF_000657095	NZ_KK325194
GCF_000657095	NZ_KK325200
GCF_000657095	NZ_KK325201
GCF_000657095	NZ_KK325204
GCF_000657115	NZ_KK325217
GCF_000657115	NZ_KK325218
GCF_000657115	NZ_KK325219
GCF_000657115	NZ_KK325220
GCF_000657115	NZ_KK325222
GCF_000657115	NZ_KK325223
GCF_000657115	NZ_KK325224
GCF_000657115	NZ_KK325225
GCF_000657115	NZ_KK325226
GCF_000657115	NZ_KK325227
GCF_000657115	NZ_KK325228
GCF_000657115	NZ_KK325229
GCF_000657115	NZ_KK325230
GCF_000657115	NZ_KK325231
GCF_000657115	NZ_KK325233
GCF_000657115	NZ_KK325234
GCF_000657115	NZ_KK325235
GCF_000657115	NZ_KK325238
GCF_000657115	NZ_KK325239
GCF_000657115	NZ_KK325240
GCF_000657115	NZ_KK325241
GCF_000657115	NZ_KK325242
GCF_000657115	NZ_KK325243
GCF_000657115	NZ_KK325244
GCF_000657115	NZ_KK325245
GCF_000657115	NZ_KK325246
GCF_000657115	NZ_KK325247
GCF_000657115	NZ_KK325249
GCF_000657115	NZ_KK325253
GCF_000657115	NZ_KK325254
GCF_000657115	NZ_KK325256
GCF_000657115	NZ_KK325257
GCF_000657115	NZ_KK325258
GCF_000657115	NZ_KK325260
GCF_000657115	NZ_KK325261
GCF_000657115	NZ_KK325263
GCF_000657115	NZ_KK325264
GCF_000657135	NZ_KK325267
GCF_000657135	NZ_KK325268
GCF_000657135	NZ_KK325269
GCF_000657135	NZ_KK325270
GCF_000657135	NZ_KK325271
GCF_000657135	NZ_KK325272
GCF_000657135	NZ_KK325273
GCF_000657135	NZ_KK325274
GCF_000657135	NZ_KK325275
GCF_000657135	NZ_KK325276
GCF_000657135	NZ_KK325277
GCF_000657135	NZ_KK325278
GCF_000657135	NZ_KK325279
GCF_000657135	NZ_KK325280
GCF_000657135	NZ_KK325282
GCF_000657135	NZ_KK325283
GCF_000657135	NZ_KK325284
GCF_000657135	NZ_KK325285
GCF_000657155	NZ_KK325287
GCF_000657155	NZ_KK325290
GCF_000657155	NZ_KK325291
GCF_000657155	NZ_KK325292
GCF_000657155	NZ_KK325293
GCF_000657155	NZ_KK325294
GCF_000657155	NZ_KK325297
GCF_000657155	NZ_KK325298
GCF_000657155	NZ_KK325299
GCF_000657155	NZ_KK325301
GCF_000657155	NZ_KK325302
GCF_000657155	NZ_KK325306
GCF_000657155	NZ_KK325307
GCF_000657155	NZ_KK325308
GCF_000657155	NZ_KK325310
GCF_000657155	NZ_KK325312
GCF_000657155	NZ_KK325313
GCF_000657155	NZ_KK325318
GCF_000657155	NZ_KK325320
GCF_000657155	NZ_KK325321
GCF_000657155	NZ_KK325322
GCF_000657155	NZ_KK325323
GCF_000657155	NZ_KK325327
GCF_000657155	NZ_KK325331
GCF_000657155	NZ_KK325334
GCF_000657155	NZ_KK325335
GCF_000657155	NZ_KK325336
GCF_000657155	NZ_KK325337
GCF_000657155	NZ_KK325338
GCF_000657155	NZ_KK325340
GCF_000657155	NZ_KK325342
GCF_000657155	NZ_KK325344
GCF_000657155	NZ_KK325345
GCF_000657155	NZ_KK325346
GCF_000657155	NZ_KK325348
GCF_000657155	NZ_KK325350
GCF_000657155	NZ_KK325351
GCF_000657155	NZ_KK325352
GCF_000657155	NZ_KK325358
GCF_000657155	NZ_KK325359
GCF_000657155	NZ_KK325363
GCF_000657155	NZ_KK325364
GCF_000657155	NZ_KK325365
GCF_000657155	NZ_KK325366
GCF_000657155	NZ_KK325368
GCF_000657155	NZ_KK325369
GCF_000657155	NZ_KK325371
GCF_000657155	NZ_KK325372
GCF_000657155	NZ_KK325373
GCF_000657175	NZ_KK325375
GCF_000657175	NZ_KK325376
GCF_000657175	NZ_KK325377
GCF_000657175	NZ_KK325378
GCF_000657175	NZ_KK325380
GCF_000657175	NZ_KK325381
GCF_000657175	NZ_KK325382
GCF_000657175	NZ_KK325383
GCF_000657175	NZ_KK325384
GCF_000657175	NZ_KK325385
GCF_000657175	NZ_KK325386
GCF_000657175	NZ_KK325388
GCF_000657175	NZ_KK325389
GCF_000657175	NZ_KK325390
GCF_000657175	NZ_KK325392
GCF_000657175	NZ_KK325394
GCF_000657175	NZ_KK325396
GCF_000657175	NZ_KK325397
GCF_000657175	NZ_KK325399
GCF_000657175	NZ_KK325401
GCF_000657175	NZ_KK325404
GCF_000657175	NZ_KK325405
GCF_000657175	NZ_KK325406
GCF_000657175	NZ_KK325408
GCF_000657175	NZ_KK325412
GCF_000657175	NZ_KK325417
GCF_000657175	NZ_KK325418
GCF_000657175	NZ_KK325420
GCF_000657175	NZ_KK325421
GCF_000657175	NZ_KK325422
GCF_000657175	NZ_KK325424
GCF_000657175	NZ_KK325427
GCF_000657175	NZ_KK325428
GCF_000657175	NZ_KK325430
GCF_000657175	NZ_KK325431
GCF_000657175	NZ_KK325435
GCF_000657175	NZ_KK325436
GCF_000657175	NZ_KK325441
GCF_000657175	NZ_KK325446
GCF_000657175	NZ_KK325447
GCF_000657175	NZ_KK325448
GCF_000657175	NZ_KK325451
GCF_000657175	NZ_KK325453
GCF_000657175	NZ_KK325454
GCF_000657175	NZ_KK325455
GCF_000657175	NZ_KK325456
GCF_000657175	NZ_KK325457
GCF_000657195	NZ_KK325459
GCF_000657195	NZ_KK325460
GCF_000657195	NZ_KK325461
GCF_000657195	NZ_KK325462
GCF_000657195	NZ_KK325463
GCF_000657195	NZ_KK325465
GCF_000657195	NZ_KK325466
GCF_000657195	NZ_KK325467
GCF_000657195	NZ_KK325469
GCF_000657195	NZ_KK325470
GCF_000657195	NZ_KK325471
GCF_000657195	NZ_KK325473
GCF_000657195	NZ_KK325474
GCF_000657195	NZ_KK325476
GCF_000657195	NZ_KK325478
GCF_000657195	NZ_KK325479
GCF_000657195	NZ_KK325480
GCF_000657195	NZ_KK325482
GCF_000657195	NZ_KK325486
GCF_000657195	NZ_KK325487
GCF_000657195	NZ_KK325488
GCF_000657195	NZ_KK325498
GCF_000657195	NZ_KK325499
GCF_000657195	NZ_KK325500
GCF_000657195	NZ_KK325507
GCF_000657195	NZ_KK325508
GCF_000657195	NZ_KK325509
GCF_000657195	NZ_KK325514
GCF_000657195	NZ_KK325515
GCF_000657195	NZ_KK325516
GCF_000657215	NZ_KK325522
GCF_000657215	NZ_KK325523
GCF_000657215	NZ_KK325524
GCF_000657215	NZ_KK325526
GCF_000657215	NZ_KK325527
GCF_000657215	NZ_KK325528
GCF_000657215	NZ_KK325529
GCF_000657215	NZ_KK325530
GCF_000657215	NZ_KK325531
GCF_000657215	NZ_KK325532
GCF_000657215	NZ_KK325535
GCF_000657215	NZ_KK325536
GCF_000657215	NZ_KK325542
GCF_000657215	NZ_KK325543
GCF_000657215	NZ_KK325545
GCF_000657215	NZ_KK325546
GCF_000657215	NZ_KK325550
GCF_000657215	NZ_KK325552
GCF_000657215	NZ_KK325555
GCF_000657215	NZ_KK325556
GCF_000657215	NZ_KK325557
GCF_000657215	NZ_KK325558
GCF_000657215	NZ_KK325559
GCF_000657215	NZ_KK325561
GCF_000657215	NZ_KK325562
GCF_000657215	NZ_KK325563
GCF_000657215	NZ_KK325569
GCF_000657215	NZ_KK325571
GCF_000657215	NZ_KK325573
GCF_000657215	NZ_KK325574
GCF_000657215	NZ_KK325578
GCF_000657215	NZ_KK325579
GCF_000657215	NZ_KK325581
GCF_000657215	NZ_KK325582
GCF_000657215	NZ_KK325587
GCF_000657215	NZ_KK325588
GCF_000657215	NZ_KK325589
GCF_000657215	NZ_KK325592
GCF_000657215	NZ_KK325600
GCF_000657215	NZ_KK325602
GCF_000657215	NZ_KK325603
GCF_000657215	NZ_KK325608
GCF_000657215	NZ_KK325610
GCF_000657215	NZ_KK325611
GCF_000657235	NZ_KK325612
GCF_000657235	NZ_KK325613
GCF_000657235	NZ_KK325614
GCF_000657235	NZ_KK325615
GCF_000657235	NZ_KK325618
GCF_000657235	NZ_KK325619
GCF_000657235	NZ_KK325620
GCF_000657235	NZ_KK325621
GCF_000657235	NZ_KK325622
GCF_000657235	NZ_KK325623
GCF_000657235	NZ_KK325624
GCF_000657235	NZ_KK325627
GCF_000657235	NZ_KK325628
GCF_000657235	NZ_KK325633
GCF_000657235	NZ_KK325635
GCF_000657235	NZ_KK325637
GCF_000657235	NZ_KK325638
GCF_000657235	NZ_KK325639
GCF_000657235	NZ_KK325641
GCF_000657235	NZ_KK325642
GCF_000657235	NZ_KK325644
GCF_000657235	NZ_KK325647
GCF_000657235	NZ_KK325650
GCF_000657235	NZ_KK325652
GCF_000657235	NZ_KK325654
GCF_000657235	NZ_KK325657
GCF_000657235	NZ_KK325666
GCF_000657235	NZ_KK325668
GCF_000657235	NZ_KK325671
GCF_000657235	NZ_KK325674
GCF_000657235	NZ_KK325677
GCF_000657235	NZ_KK325679
GCF_000657235	NZ_KK325688
GCF_000657235	NZ_KK325691
GCF_000657235	NZ_KK325692
GCF_000657235	NZ_KK325702
GCF_000657235	NZ_KK325703
GCF_000657235	NZ_KK325704
GCF_000657235	NZ_KK325707
GCF_000657235	NZ_KK325709
GCF_000657235	NZ_KK325712
GCF_000657235	NZ_KK325720
GCF_000657235	NZ_KK325721
GCF_000657235	NZ_KK325722
GCF_000657235	NZ_KK325725
GCF_000657235	NZ_KK325726
GCF_000657235	NZ_KK325727
GCF_000657235	NZ_KK325737
GCF_000657235	NZ_KK325749
GCF_000657235	NZ_KK325752
GCF_000657235	NZ_KK325753
GCF_000657235	NZ_KK325754
GCF_000657235	NZ_KK325756
GCF_000657235	NZ_KK325760
GCF_000657235	NZ_KK325763
GCF_000657235	NZ_KK325769
GCF_000657235	NZ_KK325770
GCF_000657235	NZ_KK325771
GCF_000657235	NZ_KK325775
GCF_000657255	NZ_KK325778
GCF_000657255	NZ_KK325779
GCF_000657255	NZ_KK325780
GCF_000657255	NZ_KK325781
GCF_000657255	NZ_KK325783
GCF_000657255	NZ_KK325784
GCF_000657255	NZ_KK325785
GCF_000657255	NZ_KK325786
GCF_000657255	NZ_KK325788
GCF_000657255	NZ_KK325790
GCF_000657255	NZ_KK325792
GCF_000657255	NZ_KK325794
GCF_000657255	NZ_KK325796
GCF_000657255	NZ_KK325797
GCF_000657255	NZ_KK325799
GCF_000657255	NZ_KK325800
GCF_000657255	NZ_KK325801
GCF_000657255	NZ_KK325804
GCF_000657255	NZ_KK325807
GCF_000657255	NZ_KK325809
GCF_000657255	NZ_KK325811
GCF_000657255	NZ_KK325813
GCF_000657255	NZ_KK325815
GCF_000657255	NZ_KK325819
GCF_000657255	NZ_KK325820
GCF_000657255	NZ_KK325822
GCF_000657255	NZ_KK325823
GCF_000657255	NZ_KK325824
GCF_000657255	NZ_KK325825
GCF_000657255	NZ_KK325828
GCF_000657255	NZ_KK325833
GCF_000657255	NZ_KK325834
GCF_000657255	NZ_KK325836
GCF_000657255	NZ_KK325837
GCF_000657255	NZ_KK325838
GCF_000657255	NZ_KK325840
GCF_000657255	NZ_KK325841
GCF_000657255	NZ_KK325845
GCF_000657255	NZ_KK325851
GCF_000657255	NZ_KK325861
GCF_000657275	NZ_KK325865
GCF_000657275	NZ_KK325866
GCF_000657275	NZ_KK325868
GCF_000657275	NZ_KK325869
GCF_000657275	NZ_KK325871
GCF_000657275	NZ_KK325873
GCF_000657275	NZ_KK325874
GCF_000657275	NZ_KK325875
GCF_000657275	NZ_KK325876
GCF_000657275	NZ_KK325878
GCF_000657275	NZ_KK325879
GCF_000657275	NZ_KK325880
GCF_000657275	NZ_KK325881
GCF_000657275	NZ_KK325884
GCF_000657275	NZ_KK325885
GCF_000657275	NZ_KK325887
GCF_000657275	NZ_KK325890
GCF_000657275	NZ_KK325892
GCF_000657275	NZ_KK325893
GCF_000657275	NZ_KK325894
GCF_000657275	NZ_KK325895
GCF_000657275	NZ_KK325897
GCF_000657275	NZ_KK325900
GCF_000657275	NZ_KK325901
GCF_000657275	NZ_KK325902
GCF_000657275	NZ_KK325904
GCF_000657275	NZ_KK325907
GCF_000657275	NZ_KK325911
GCF_000657275	NZ_KK325913
GCF_000657275	NZ_KK325914
GCF_000657275	NZ_KK325915
GCF_000657275	NZ_KK325918
GCF_000657275	NZ_KK325924
GCF_000657275	NZ_KK325927
GCF_000657275	NZ_KK325928
GCF_000657275	NZ_KK325931
GCF_000657275	NZ_KK325934
GCF_000657275	NZ_KK325938
GCF_000657275	NZ_KK325944
GCF_000657275	NZ_KK325948
GCF_000657275	NZ_KK325957
GCF_000657275	NZ_KK325965
GCF_000657275	NZ_KK325966
GCF_000657295	NZ_KK325968
GCF_000657295	NZ_KK325969
GCF_000657295	NZ_KK325970
GCF_000657295	NZ_KK325971
GCF_000657295	NZ_KK325972
GCF_000657295	NZ_KK325974
GCF_000657295	NZ_KK325975
GCF_000657295	NZ_KK325976
GCF_000657295	NZ_KK325977
GCF_000657295	NZ_KK325978
GCF_000657295	NZ_KK325979
GCF_000657295	NZ_KK325980
GCF_000657295	NZ_KK325981
GCF_000657295	NZ_KK325982
GCF_000657295	NZ_KK325984
GCF_000657295	NZ_KK325985
GCF_000657295	NZ_KK325989
GCF_000657295	NZ_KK325990
GCF_000657295	NZ_KK325991
GCF_000657295	NZ_KK325992
GCF_000657295	NZ_KK325993
GCF_000657295	NZ_KK325994
GCF_000657295	NZ_KK325995
GCF_000657295	NZ_KK325996
GCF_000657295	NZ_KK326000
GCF_000657295	NZ_KK326001
GCF_000657295	NZ_KK326004
GCF_000657315	NZ_KK326006
GCF_000657315	NZ_KK326007
GCF_000657315	NZ_KK326008
GCF_000657315	NZ_KK326009
GCF_000657315	NZ_KK326010
GCF_000657315	NZ_KK326011
GCF_000657315	NZ_KK326012
GCF_000657315	NZ_KK326013
GCF_000657315	NZ_KK326014
GCF_000657315	NZ_KK326016
GCF_000657315	NZ_KK326017
GCF_000657315	NZ_KK326018
GCF_000657315	NZ_KK326019
GCF_000657315	NZ_KK326020
GCF_000657315	NZ_KK326021
GCF_000657315	NZ_KK326022
GCF_000657315	NZ_KK326024
GCF_000657315	NZ_KK326025
GCF_000657315	NZ_KK326027
GCF_000657315	NZ_KK326028
GCF_000657315	NZ_KK326032
GCF_000657315	NZ_KK326033
GCF_000657315	NZ_KK326035
GCF_000657315	NZ_KK326036
GCF_000657315	NZ_KK326039
GCF_000657315	NZ_KK326041
GCF_000657315	NZ_KK326045
GCF_000657315	NZ_KK326047
GCF_000657315	NZ_KK326048
GCF_000657315	NZ_KK326049
GCF_000657315	NZ_KK326051
GCF_000657315	NZ_KK326052
GCF_000657315	NZ_KK326057
GCF_000657315	NZ_KK326058
GCF_000657355	NZ_KK326132
GCF_000657355	NZ_KK326133
GCF_000657355	NZ_KK326134
GCF_000657355	NZ_KK326137
GCF_000657355	NZ_KK326141
GCF_000657355	NZ_KK326150
GCF_000657355	NZ_KK326152
GCF_000657355	NZ_KK326158
GCF_000657355	NZ_KK326161
GCF_000657355	NZ_KK326162
GCF_000657355	NZ_KK326163
GCF_000657355	NZ_KK326165
GCF_000657355	NZ_KK326185
GCF_000657355	NZ_KK326187
GCF_000657355	NZ_KK326194
GCF_000657355	NZ_KK326200
GCF_000657355	NZ_KK326201
GCF_000657355	NZ_KK326203
GCF_000657355	NZ_KK326204
GCF_000657355	NZ_KK326206
GCF_000657355	NZ_KK326209
GCF_000657355	NZ_KK326210
GCF_000657355	NZ_KK326212
GCF_000657355	NZ_KK326220
GCF_000657355	NZ_KK326225
GCF_000657355	NZ_KK326229
GCF_000657355	NZ_KK326230
GCF_000657355	NZ_KK326236
GCF_000657355	NZ_KK326237
GCF_000657355	NZ_KK326241
GCF_000657355	NZ_KK326242
GCF_000657355	NZ_KK326243
GCF_000657355	NZ_KK326244
GCF_000657355	NZ_KK326249
GCF_000657355	NZ_KK326251
GCF_000657355	NZ_KK326256
GCF_000657355	NZ_KK326265
GCF_000657355	NZ_KK326267
GCF_000657355	NZ_KK326271
GCF_000657355	NZ_KK326279
GCF_000657355	NZ_KK326284
GCF_000657355	NZ_KK326286
GCF_000657355	NZ_KK326290
GCF_000657355	NZ_KK326292
GCF_000657355	NZ_KK326294
GCF_000657355	NZ_KK326295
GCF_000657355	NZ_KK326297
GCF_000657355	NZ_KK326299
GCF_000657355	NZ_KK326303
GCF_000657355	NZ_KK326306
GCF_000657355	NZ_KK326307
GCF_000657355	NZ_KK326309
GCF_000657355	NZ_KK326312
GCF_000657375	NZ_KK326313
GCF_000657375	NZ_KK326314
GCF_000657375	NZ_KK326315
GCF_000657375	NZ_KK326317
GCF_000657375	NZ_KK326318
GCF_000657375	NZ_KK326319
GCF_000657375	NZ_KK326320
GCF_000657375	NZ_KK326321
GCF_000657375	NZ_KK326323
GCF_000657375	NZ_KK326324
GCF_000657375	NZ_KK326326
GCF_000657375	NZ_KK326327
GCF_000657375	NZ_KK326328
GCF_000657375	NZ_KK326332
GCF_000657375	NZ_KK326334
GCF_000657375	NZ_KK326336
GCF_000657375	NZ_KK326337
GCF_000657375	NZ_KK326339
GCF_000657375	NZ_KK326342
GCF_000657375	NZ_KK326344
GCF_000657375	NZ_KK326345
GCF_000657375	NZ_KK326347
GCF_000657375	NZ_KK326348
GCF_000657375	NZ_KK326349
GCF_000657375	NZ_KK326352
GCF_000657375	NZ_KK326355
GCF_000657375	NZ_KK326359
GCF_000657375	NZ_KK326360
GCF_000657375	NZ_KK326362
GCF_000657375	NZ_KK326364
GCF_000657375	NZ_KK326367
GCF_000657375	NZ_KK326368
GCF_000657375	NZ_KK326370
GCF_000657375	NZ_KK326373
GCF_000657375	NZ_KK326376
GCF_000657375	NZ_KK326378
GCF_000657375	NZ_KK326379
GCF_000657375	NZ_KK326381
GCF_000657375	NZ_KK326387
GCF_000657375	NZ_KK326389
GCF_000657375	NZ_KK326392
GCF_000657375	NZ_KK326396
GCF_000657375	NZ_KK326397
GCF_000657375	NZ_KK326398
GCF_000657395	NZ_KK326402
GCF_000657395	NZ_KK326403
GCF_000657395	NZ_KK326404
GCF_000657395	NZ_KK326405
GCF_000657395	NZ_KK326407
GCF_000657395	NZ_KK326408
GCF_000657395	NZ_KK326409
GCF_000657395	NZ_KK326410
GCF_000657395	NZ_KK326411
GCF_000657395	NZ_KK326413
GCF_000657395	NZ_KK326414
GCF_000657395	NZ_KK326415
GCF_000657395	NZ_KK326418
GCF_000657395	NZ_KK326422
GCF_000657395	NZ_KK326425
GCF_000657395	NZ_KK326426
GCF_000657395	NZ_KK326427
GCF_000657395	NZ_KK326428
GCF_000657395	NZ_KK326431
GCF_000657395	NZ_KK326432
GCF_000657395	NZ_KK326435
GCF_000657395	NZ_KK326440
GCF_000657395	NZ_KK326441
GCF_000657395	NZ_KK326446
GCF_000657395	NZ_KK326447
GCF_000657395	NZ_KK326448
GCF_000657395	NZ_KK326450
GCF_000657395	NZ_KK326451
GCF_000657395	NZ_KK326453
GCF_000657395	NZ_KK326454
GCF_000657395	NZ_KK326456
GCF_000657395	NZ_KK326457
GCF_000657395	NZ_KK326460
GCF_000657395	NZ_KK326462
GCF_000657395	NZ_KK326463
GCF_000657395	NZ_KK326465
GCF_000657395	NZ_KK326470
GCF_000657395	NZ_KK326472
GCF_000657395	NZ_KK326474
GCF_000657395	NZ_KK326477
GCF_000657395	NZ_KK326479
GCF_000657395	NZ_KK326482
GCF_000657395	NZ_KK326483
GCF_000657415	NZ_KK326486
GCF_000657415	NZ_KK326489
GCF_000657415	NZ_KK326493
GCF_000657415	NZ_KK326499
GCF_000657415	NZ_KK326505
GCF_000657415	NZ_KK326513
GCF_000657415	NZ_KK326514
GCF_000657415	NZ_KK326519
GCF_000657415	NZ_KK326535
GCF_000657415	NZ_KK326542
GCF_000657415	NZ_KK326547
GCF_000657415	NZ_KK326549
GCF_000657415	NZ_KK326559
GCF_000657415	NZ_KK326567
GCF_000657415	NZ_KK326573
GCF_000657415	NZ_KK326574
GCF_000657415	NZ_KK326576
GCF_000657415	NZ_KK326580
GCF_000657415	NZ_KK326581
GCF_000657415	NZ_KK326589
GCF_000657415	NZ_KK326599
GCF_000657415	NZ_KK326603
GCF_000657415	NZ_KK326608
GCF_000657415	NZ_KK326611
GCF_000657415	NZ_KK326612
GCF_000657415	NZ_KK326620
GCF_000657415	NZ_KK326622
GCF_000657415	NZ_KK326627
GCF_000657415	NZ_KK326628
GCF_000657415	NZ_KK326637
GCF_000657415	NZ_KK326639
GCF_000657415	NZ_KK326640
GCF_000657415	NZ_KK326649
GCF_000657415	NZ_KK326653
GCF_000657415	NZ_KK326658
GCF_000657415	NZ_KK326666
GCF_000657415	NZ_KK326669
GCF_000657415	NZ_KK326671
GCF_000657415	NZ_KK326677
GCF_000657415	NZ_KK326680
GCF_000657415	NZ_KK326687
GCF_000657415	NZ_KK326694
GCF_000657415	NZ_KK326695
GCF_000657415	NZ_KK326704
GCF_000657415	NZ_KK326711
GCF_000657415	NZ_KK326717
GCF_000657415	NZ_KK326722
GCF_000657415	NZ_KK326727
GCF_000657415	NZ_KK326732
GCF_000657415	NZ_KK326733
GCF_000657415	NZ_KK326735
GCF_000657435	NZ_KK326736
GCF_000657435	NZ_KK326737
GCF_000657435	NZ_KK326739
GCF_000657435	NZ_KK326741
GCF_000657435	NZ_KK326742
GCF_000657435	NZ_KK326743
GCF_000657435	NZ_KK326745
GCF_000657435	NZ_KK326746
GCF_000657435	NZ_KK326747
GCF_000657435	NZ_KK326748
GCF_000657435	NZ_KK326750
GCF_000657435	NZ_KK326752
GCF_000657435	NZ_KK326756
GCF_000657435	NZ_KK326758
GCF_000657435	NZ_KK326759
GCF_000657435	NZ_KK326760
GCF_000657435	NZ_KK326761
GCF_000657435	NZ_KK326763
GCF_000657435	NZ_KK326767
GCF_000657435	NZ_KK326768
GCF_000657435	NZ_KK326770
GCF_000657435	NZ_KK326773
GCF_000657435	NZ_KK326774
GCF_000657435	NZ_KK326778
GCF_000657435	NZ_KK326779
GCF_000657435	NZ_KK326780
GCF_000657435	NZ_KK326781
GCF_000657435	NZ_KK326786
GCF_000657435	NZ_KK326787
GCF_000657435	NZ_KK326789
GCF_000657435	NZ_KK326790
GCF_000657435	NZ_KK326791
GCF_000657435	NZ_KK326794
GCF_000657435	NZ_KK326795
GCF_000657435	NZ_KK326796
GCF_000657435	NZ_KK326803
GCF_000657435	NZ_KK326809
GCF_000657435	NZ_KK326813
GCF_000657435	NZ_KK326814
GCF_000657435	NZ_KK326815
GCF_000657435	NZ_KK326817
GCF_000657435	NZ_KK326818
GCF_000657435	NZ_KK326820
GCF_000657455	NZ_KK326822
GCF_000657455	NZ_KK326823
GCF_000657455	NZ_KK326824
GCF_000657455	NZ_KK326825
GCF_000657455	NZ_KK326826
GCF_000657455	NZ_KK326828
GCF_000657455	NZ_KK326829
GCF_000657455	NZ_KK326830
GCF_000657455	NZ_KK326831
GCF_000657455	NZ_KK326833
GCF_000657455	NZ_KK326834
GCF_000657455	NZ_KK326835
GCF_000657455	NZ_KK326836
GCF_000657455	NZ_KK326838
GCF_000657455	NZ_KK326839
GCF_000657455	NZ_KK326842
GCF_000657455	NZ_KK326844
GCF_000657455	NZ_KK326845
GCF_000657455	NZ_KK326847
GCF_000657455	NZ_KK326848
GCF_000657455	NZ_KK326849
GCF_000657455	NZ_KK326850
GCF_000657455	NZ_KK326853
GCF_000657455	NZ_KK326854
GCF_000657455	NZ_KK326855
GCF_000657455	NZ_KK326856
GCF_000657455	NZ_KK326857
GCF_000657455	NZ_KK326860
GCF_000657455	NZ_KK326861
GCF_000657455	NZ_KK326862
GCF_000657455	NZ_KK326863
GCF_000657455	NZ_KK326864
GCF_000657455	NZ_KK326865
GCF_000657455	NZ_KK326866
GCF_000657455	NZ_KK326867
GCF_000657455	NZ_KK326869
GCF_000657455	NZ_KK326870
GCF_000657455	NZ_KK326873
GCF_000657455	NZ_KK326875
GCF_000657455	NZ_KK326876
GCF_000657455	NZ_KK326877
GCF_000657455	NZ_KK326880
GCF_000657455	NZ_KK326881
GCF_000657455	NZ_KK326882
GCF_000657455	NZ_KK326883
GCF_000657455	NZ_KK326884
GCF_000657455	NZ_KK326885
GCF_000657455	NZ_KK326886
GCF_000657475	NZ_KK326889
GCF_000657475	NZ_KK326890
GCF_000657475	NZ_KK326891
GCF_000657475	NZ_KK326892
GCF_000657475	NZ_KK326894
GCF_000657475	NZ_KK326895
GCF_000657475	NZ_KK326896
GCF_000657475	NZ_KK326897
GCF_000657475	NZ_KK326898
GCF_000657475	NZ_KK326900
GCF_000657475	NZ_KK326901
GCF_000657475	NZ_KK326902
GCF_000657475	NZ_KK326904
GCF_000657475	NZ_KK326905
GCF_000657475	NZ_KK326909
GCF_000657475	NZ_KK326910
GCF_000657475	NZ_KK326912
GCF_000657475	NZ_KK326913
GCF_000657475	NZ_KK326914
GCF_000657475	NZ_KK326917
GCF_000657475	NZ_KK326918
GCF_000657475	NZ_KK326921
GCF_000657475	NZ_KK326923
GCF_000657475	NZ_KK326924
GCF_000657475	NZ_KK326925
GCF_000657475	NZ_KK326926
GCF_000657475	NZ_KK326931
GCF_000657475	NZ_KK326933
GCF_000657475	NZ_KK326934
GCF_000657475	NZ_KK326935
GCF_000657475	NZ_KK326936
GCF_000657475	NZ_KK326937
GCF_000657475	NZ_KK326939
GCF_000657475	NZ_KK326941
GCF_000657475	NZ_KK326943
GCF_000657475	NZ_KK326945
GCF_000657475	NZ_KK326949
GCF_000657475	NZ_KK326951
GCF_000657475	NZ_KK326952
GCF_000657475	NZ_KK326954
GCF_000657475	NZ_KK326960
GCF_000657475	NZ_KK326961
GCF_000657475	NZ_KK326962
GCF_000657475	NZ_KK326964
GCF_000657475	NZ_KK326968
GCF_000657475	NZ_KK326970
GCF_000657495	NZ_KK326972
GCF_000657495	NZ_KK326973
GCF_000657495	NZ_KK326975
GCF_000657495	NZ_KK326976
GCF_000657495	NZ_KK326977
GCF_000657495	NZ_KK326978
GCF_000657495	NZ_KK326979
GCF_000657495	NZ_KK326982
GCF_000657495	NZ_KK326983
GCF_000657495	NZ_KK326985
GCF_000657495	NZ_KK326988
GCF_000657495	NZ_KK326991
GCF_000657495	NZ_KK326994
GCF_000657495	NZ_KK326996
GCF_000657495	NZ_KK326997
GCF_000657495	NZ_KK326998
GCF_000657495	NZ_KK326999
GCF_000657495	NZ_KK327004
GCF_000657495	NZ_KK327006
GCF_000657495	NZ_KK327007
GCF_000657495	NZ_KK327012
GCF_000657495	NZ_KK327013
GCF_000657495	NZ_KK327014
GCF_000657495	NZ_KK327015
GCF_000657495	NZ_KK327016
GCF_000657495	NZ_KK327017
GCF_000657495	NZ_KK327018
GCF_000657495	NZ_KK327020
GCF_000657495	NZ_KK327022
GCF_000657495	NZ_KK327024
GCF_000657495	NZ_KK327026
GCF_000657495	NZ_KK327029
GCF_000657495	NZ_KK327030
GCF_000657495	NZ_KK327033
GCF_000657495	NZ_KK327035
GCF_000657495	NZ_KK327037
GCF_000657495	NZ_KK327039
GCF_000657495	NZ_KK327040
GCF_000657495	NZ_KK327043
GCF_000657495	NZ_KK327044
GCF_000657495	NZ_KK327047
GCF_000657495	NZ_KK327048
GCF_000657495	NZ_KK327049
GCF_000657495	NZ_KK327052
GCF_000657515	NZ_KK327053
GCF_000657515	NZ_KK327054
GCF_000657515	NZ_KK327055
GCF_000657515	NZ_KK327056
GCF_000657515	NZ_KK327057
GCF_000657515	NZ_KK327058
GCF_000657515	NZ_KK327059
GCF_000657515	NZ_KK327060
GCF_000657515	NZ_KK327061
GCF_000657515	NZ_KK327062
GCF_000657515	NZ_KK327063
GCF_000657515	NZ_KK327064
GCF_000657515	NZ_KK327065
GCF_000657515	NZ_KK327066
GCF_000657515	NZ_KK327067
GCF_000657515	NZ_KK327068
GCF_000657515	NZ_KK327070
GCF_000657515	NZ_KK327071
GCF_000657515	NZ_KK327073
GCF_000657515	NZ_KK327074
GCF_000657515	NZ_KK327075
GCF_000657515	NZ_KK327076
GCF_000657515	NZ_KK327077
GCF_000657515	NZ_KK327081
GCF_000657515	NZ_KK327084
GCF_000657515	NZ_KK327085
GCF_000657515	NZ_KK327086
GCF_000657515	NZ_KK327087
GCF_000657515	NZ_KK327088
GCF_000657515	NZ_KK327089
GCF_000657515	NZ_KK327090
GCF_000657515	NZ_KK327091
GCF_000657515	NZ_KK327092
GCF_000657515	NZ_KK327093
GCF_000657515	NZ_KK327094
GCF_000657515	NZ_KK327096
GCF_000657515	NZ_KK327097
GCF_000657515	NZ_KK327100
GCF_000657515	NZ_KK327102
GCF_000657515	NZ_KK327104
GCF_000657515	NZ_KK327105
GCF_000657515	NZ_KK327106
GCF_000657515	NZ_KK327108
GCF_000657515	NZ_KK327116
GCF_000657515	NZ_KK327118
GCF_000657515	NZ_KK327122
GCF_000657515	NZ_KK327126
GCF_000657515	NZ_KK327127
GCF_000657555	NZ_KK327213
GCF_000657555	NZ_KK327214
GCF_000657555	NZ_KK327215
GCF_000657555	NZ_KK327217
GCF_000657555	NZ_KK327218
GCF_000657555	NZ_KK327219
GCF_000657555	NZ_KK327220
GCF_000657555	NZ_KK327221
GCF_000657555	NZ_KK327222
GCF_000657555	NZ_KK327223
GCF_000657555	NZ_KK327224
GCF_000657555	NZ_KK327225
GCF_000657555	NZ_KK327226
GCF_000657555	NZ_KK327228
GCF_000657555	NZ_KK327229
GCF_000657555	NZ_KK327231
GCF_000657555	NZ_KK327234
GCF_000657555	NZ_KK327235
GCF_000657555	NZ_KK327240
GCF_000657555	NZ_KK327241
GCF_000657555	NZ_KK327242
GCF_000657555	NZ_KK327244
GCF_000657555	NZ_KK327245
GCF_000657555	NZ_KK327246
GCF_000657555	NZ_KK327248
GCF_000657555	NZ_KK327249
GCF_000657555	NZ_KK327250
GCF_000657555	NZ_KK327251
GCF_000657555	NZ_KK327252
GCF_000657555	NZ_KK327254
GCF_000657555	NZ_KK327256
GCF_000657555	NZ_KK327257
GCF_000657555	NZ_KK327261
GCF_000657555	NZ_KK327262
GCF_000657555	NZ_KK327264
GCF_000657555	NZ_KK327266
GCF_000657555	NZ_KK327269
GCF_000657555	NZ_KK327271
GCF_000657555	NZ_KK327272
GCF_000657555	NZ_KK327274
GCF_000657555	NZ_KK327275
GCF_000657555	NZ_KK327277
GCF_000657555	NZ_KK327281
GCF_000657555	NZ_KK327283
GCF_000657555	NZ_KK327289
GCF_000657555	NZ_KK327290
GCF_000657555	NZ_KK327291
GCF_000657555	NZ_KK327296
GCF_000657575	NZ_KK327301
GCF_000657575	NZ_KK327303
GCF_000657575	NZ_KK327305
GCF_000657575	NZ_KK327306
GCF_000657575	NZ_KK327307
GCF_000657575	NZ_KK327308
GCF_000657575	NZ_KK327310
GCF_000657575	NZ_KK327311
GCF_000657575	NZ_KK327312
GCF_000657575	NZ_KK327313
GCF_000657575	NZ_KK327315
GCF_000657575	NZ_KK327316
GCF_000657575	NZ_KK327317
GCF_000657575	NZ_KK327319
GCF_000657575	NZ_KK327321
GCF_000657575	NZ_KK327322
GCF_000657575	NZ_KK327325
GCF_000657575	NZ_KK327326
GCF_000657575	NZ_KK327327
GCF_000657575	NZ_KK327329
GCF_000657575	NZ_KK327330
GCF_000657575	NZ_KK327337
GCF_000657575	NZ_KK327338
GCF_000657575	NZ_KK327339
GCF_000657575	NZ_KK327341
GCF_000657575	NZ_KK327343
GCF_000657575	NZ_KK327344
GCF_000657575	NZ_KK327346
GCF_000657575	NZ_KK327348
GCF_000657575	NZ_KK327350
GCF_000657575	NZ_KK327352
GCF_000657575	NZ_KK327353
GCF_000657575	NZ_KK327355
GCF_000657575	NZ_KK327357
GCF_000657575	NZ_KK327358
GCF_000657575	NZ_KK327360
GCF_000657575	NZ_KK327364
GCF_000657575	NZ_KK327365
GCF_000657575	NZ_KK327372
GCF_000657575	NZ_KK327375
GCF_000657575	NZ_KK327376
GCF_000657575	NZ_KK327382
GCF_000657575	NZ_KK327384
GCF_000657575	NZ_KK327385
GCF_000657575	NZ_KK327387
GCF_000657575	NZ_KK327389
GCF_000657575	NZ_KK327390
GCF_000657595	NZ_KK327391
GCF_000657595	NZ_KK327393
GCF_000657595	NZ_KK327394
GCF_000657595	NZ_KK327395
GCF_000657595	NZ_KK327396
GCF_000657595	NZ_KK327397
GCF_000657595	NZ_KK327398
GCF_000657595	NZ_KK327400
GCF_000657595	NZ_KK327401
GCF_000657595	NZ_KK327402
GCF_000657595	NZ_KK327403
GCF_000657595	NZ_KK327404
GCF_000657595	NZ_KK327405
GCF_000657595	NZ_KK327406
GCF_000657595	NZ_KK327407
GCF_000657595	NZ_KK327409
GCF_000657595	NZ_KK327410
GCF_000657595	NZ_KK327411
GCF_000657595	NZ_KK327412
GCF_000657595	NZ_KK327414
GCF_000657595	NZ_KK327416
GCF_000657595	NZ_KK327417
GCF_000657595	NZ_KK327418
GCF_000657595	NZ_KK327419
GCF_000657595	NZ_KK327421
GCF_000657595	NZ_KK327422
GCF_000657595	NZ_KK327425
GCF_000657595	NZ_KK327427
GCF_000657595	NZ_KK327428
GCF_000657595	NZ_KK327429
GCF_000657595	NZ_KK327430
GCF_000657595	NZ_KK327431
GCF_000657595	NZ_KK327435
GCF_000657595	NZ_KK327437
GCF_000657595	NZ_KK327440
GCF_000657595	NZ_KK327441
GCF_000657595	NZ_KK327442
GCF_000657595	NZ_KK327443
GCF_000657595	NZ_KK327445
GCF_000657595	NZ_KK327449
GCF_000657595	NZ_KK327451
GCF_000657595	NZ_KK327456
GCF_000657595	NZ_KK327457
GCF_000657615	NZ_KK327460
GCF_000657615	NZ_KK327461
GCF_000657615	NZ_KK327462
GCF_000657615	NZ_KK327463
GCF_000657615	NZ_KK327464
GCF_000657615	NZ_KK327465
GCF_000657615	NZ_KK327466
GCF_000657615	NZ_KK327467
GCF_000657615	NZ_KK327468
GCF_000657615	NZ_KK327470
GCF_000657615	NZ_KK327471
GCF_000657615	NZ_KK327472
GCF_000657615	NZ_KK327473
GCF_000657615	NZ_KK327474
GCF_000657615	NZ_KK327475
GCF_000657615	NZ_KK327476
GCF_000657615	NZ_KK327477
GCF_000657615	NZ_KK327478
GCF_000657615	NZ_KK327480
GCF_000657615	NZ_KK327482
GCF_000657615	NZ_KK327483
GCF_000657615	NZ_KK327484
GCF_000657615	NZ_KK327485
GCF_000657615	NZ_KK327486
GCF_000657615	NZ_KK327487
GCF_000657615	NZ_KK327490
GCF_000657635	NZ_KK327492
GCF_000657635	NZ_KK327493
GCF_000657635	NZ_KK327494
GCF_000657635	NZ_KK327495
GCF_000657635	NZ_KK327496
GCF_000657635	NZ_KK327497
GCF_000657635	NZ_KK327498
GCF_000657635	NZ_KK327499
GCF_000657635	NZ_KK327500
GCF_000657635	NZ_KK327501
GCF_000657635	NZ_KK327502
GCF_000657635	NZ_KK327503
GCF_000657635	NZ_KK327506
GCF_000657635	NZ_KK327507
GCF_000657635	NZ_KK327508
GCF_000657635	NZ_KK327509
GCF_000657635	NZ_KK327510
GCF_000657635	NZ_KK327511
GCF_000657635	NZ_KK327512
GCF_000657635	NZ_KK327515
GCF_000657635	NZ_KK327516
GCF_000657635	NZ_KK327519
GCF_000657635	NZ_KK327520
GCF_000657655	NZ_KK327524
GCF_000657655	NZ_KK327525
GCF_000657655	NZ_KK327526
GCF_000657655	NZ_KK327529
GCF_000657655	NZ_KK327532
GCF_000657655	NZ_KK327533
GCF_000657655	NZ_KK327534
GCF_000657655	NZ_KK327535
GCF_000657655	NZ_KK327536
GCF_000657655	NZ_KK327537
GCF_000657655	NZ_KK327538
GCF_000657655	NZ_KK327540
GCF_000657655	NZ_KK327542
GCF_000657655	NZ_KK327543
GCF_000657655	NZ_KK327544
GCF_000657655	NZ_KK327546
GCF_000657655	NZ_KK327547
GCF_000657655	NZ_KK327550
GCF_000657655	NZ_KK327554
GCF_000657655	NZ_KK327558
GCF_000657655	NZ_KK327560
GCF_000657655	NZ_KK327562
GCF_000657655	NZ_KK327569
GCF_000657655	NZ_KK327573
GCF_000657655	NZ_KK327574
GCF_000657655	NZ_KK327575
GCF_000657655	NZ_KK327578
GCF_000657655	NZ_KK327580
GCF_000657655	NZ_KK327581
GCF_000657655	NZ_KK327583
GCF_000657655	NZ_KK327584
GCF_000657655	NZ_KK327586
GCF_000657655	NZ_KK327590
GCF_000657655	NZ_KK327592
GCF_000657655	NZ_KK327593
GCF_000657655	NZ_KK327596
GCF_000657655	NZ_KK327598
GCF_000657655	NZ_KK327599
GCF_000657655	NZ_KK327600
GCF_000657655	NZ_KK327602
GCF_000657655	NZ_KK327607
GCF_000657655	NZ_KK327608
GCF_000657655	NZ_KK327610
GCF_000657675	NZ_KK327611
GCF_000657675	NZ_KK327612
GCF_000657675	NZ_KK327613
GCF_000657675	NZ_KK327614
GCF_000657675	NZ_KK327615
GCF_000657675	NZ_KK327616
GCF_000657675	NZ_KK327617
GCF_000657675	NZ_KK327618
GCF_000659045	NZ_KK327737
GCF_000659065	NZ_KK327738
GCF_000659065	NZ_KK327739
GCF_000659065	NZ_KK327740
GCF_000659065	NZ_KK327741
GCF_000659065	NZ_KK327742
GCF_000659065	NZ_KK327743
GCF_000659065	NZ_KK327744
GCF_000659065	NZ_KK327745
GCF_000659085	NZ_KK327749
GCF_000659085	NZ_KK327750
GCF_000659085	NZ_KK327751
GCF_000659085	NZ_KK327752
GCF_000659085	NZ_KK327753
GCF_000659205	NZ_KK327774
GCF_000659225	NZ_KK327775
GCF_000659245	NZ_KK327776
GCF_000659265	NZ_KK327777
GCF_000659265	NZ_KK327778
GCF_000659285	NZ_KK327779
GCF_000659305	NZ_KK327780
GCF_000659305	NZ_KK327781
GCF_000659305	NZ_KK327782
GCF_000659305	NZ_KK327783
GCF_000659325	NZ_KK327785
GCF_000659325	NZ_KK327786
GCF_000659325	NZ_KK327787
GCF_000659325	NZ_KK327788
GCF_000659325	NZ_KK327790
GCF_000659325	NZ_KK327792
GCF_000659345	NZ_KK327793
GCF_000659385	NZ_KK327795
GCF_000659405	NZ_KK327796
GCF_000659425	NZ_KK327797
GCF_000659445	NZ_KK327798
GCF_000659465	NZ_KK327799
GCF_000659485	NZ_KK327800
GCF_000659505	NZ_KK327802
GCF_000659505	NZ_KK327803
GCF_000659505	NZ_KK327804
GCF_000659505	NZ_KK327805
GCF_000659505	NZ_KK327806
GCF_000659525	NZ_KK327807
GCF_000659545	NZ_KK327808
GCF_000659565	NZ_KK327809
GCF_000659565	NZ_KK327810
GCF_000659565	NZ_KK327811
GCF_000659565	NZ_KK327812
GCF_000659585	NZ_KK327813
GCF_000659585	NZ_KK327814
GCF_000659605	NZ_KK327817
GCF_000659625	NZ_KK327818
GCF_000659645	NZ_KK327819
GCF_000659685	NZ_KK327821
GCF_000659705	NZ_KK327822
GCF_000659745	NZ_KK327824
GCF_000659745	NZ_KK327825
GCF_000659745	NZ_KK327826
GCF_000659745	NZ_KK327827
GCF_000659745	NZ_KK327828
GCF_000659745	NZ_KK327829
GCF_000659805	NZ_KK327833
GCF_000659805	NZ_KK327834
GCF_000659825	NZ_KK327836
GCF_000659825	NZ_KK327837
GCF_000659845	NZ_KK327838
GCF_000659865	NZ_KK327839
GCF_000659885	NZ_KK327840
GCF_000659885	NZ_KK327841
GCF_000659885	NZ_KK327842
GCF_000659905	NZ_KK327845
GCF_000659905	NZ_KK327846
GCF_000659905	NZ_KK327847
GCF_000659905	NZ_KK327848
GCF_000659925	NZ_KK327850
GCF_000659925	NZ_KK327851
GCF_000659925	NZ_KK327852
GCF_000659925	NZ_KK327853
GCF_000659965	NZ_KK327855
GCF_000659965	NZ_KK327856
GCF_000659985	NZ_KK327858
GCF_000659985	NZ_KK327859
GCF_000659985	NZ_KK327860
GCF_000659985	NZ_KK327861
GCF_000659985	NZ_KK327862
GCF_000660245	NZ_KK327940
GCF_000660265	NZ_KK327941
GCF_000660265	NZ_KK327942
GCF_000660265	NZ_KK327944
GCF_000660265	NZ_KK327945
GCF_000660325	NZ_KK327958
GCF_000660325	NZ_KK327959
GCF_000660325	NZ_KK327960
GCF_000660325	NZ_KK327961
GCF_000660365	NZ_KK327964
GCF_000660365	NZ_KK327965
GCF_000660465	NZ_KK327987
GCF_000660465	NZ_KK327988
GCF_000660465	NZ_KK327989
GCF_000660465	NZ_KK327990
GCF_000660465	NZ_KK327991
GCF_000660465	NZ_KK327992
GCF_000660465	NZ_KK327993
GCF_000660465	NZ_KK327994
GCF_000660465	NZ_KK327995
GCF_000660525	NZ_KK328023
GCF_000660525	NZ_KK328024
GCF_000660525	NZ_KK328025
GCF_000660525	NZ_KK328027
GCF_000660525	NZ_KK328028
GCF_000660545	NZ_KK328030
GCF_000660545	NZ_KK328031
GCF_000660545	NZ_KK328032
GCF_000660545	NZ_KK328033
GCF_000660545	NZ_KK328034
GCF_000660545	NZ_KK328035
GCF_000660585	NZ_KK328041
GCF_000660585	NZ_KK328042
GCF_000660585	NZ_KK328043
GCF_000660585	NZ_KK328044
GCF_000660625	NZ_KK328055
GCF_000660705	NZ_KK328092
GCF_000660705	NZ_KK328093
GCF_000660705	NZ_KK328094
GCF_000660705	NZ_KK328095
GCF_000660705	NZ_KK328096
GCF_000660705	NZ_KK328097
GCF_000660705	NZ_KK328098
GCF_000660705	NZ_KK328099
GCF_000660705	NZ_KK328100
GCF_000660745	NZ_KK328103
GCF_000660745	NZ_KK328104
GCF_000660765	NZ_KK328105
GCF_000660785	NZ_KK328107
GCF_000660825	NZ_KK328164
GCF_000660825	NZ_KK328165
GCF_000660825	NZ_KK328166
GCF_000660825	NZ_KK328167
GCF_000660825	NZ_KK328168
GCF_000660825	NZ_KK328169
GCF_000660825	NZ_KK328170
GCF_000660825	NZ_KK328171
GCF_000660865	NZ_KK328183
GCF_000660885	NZ_KK328184
GCF_000660885	NZ_KK328185
GCF_000660885	NZ_KK328186
GCF_000660885	NZ_KK328187
GCF_000660925	NZ_KK328195
GCF_000660925	NZ_KK328196
GCF_000660925	NZ_KK328197
GCF_000660925	NZ_KK328198
GCF_000660985	NZ_KK328243
GCF_000660985	NZ_KK328244
GCF_000660985	NZ_KK328245
GCF_000660985	NZ_KK328246
GCF_000660985	NZ_KK328247
GCF_000660985	NZ_KK328248
GCF_000660985	NZ_KK328249
GCF_000661005	NZ_KK328250
GCF_000661005	NZ_KK328251
GCF_000661005	NZ_KK328252
GCF_000661005	NZ_KK328253
GCF_000661005	NZ_KK328254
GCF_000661005	NZ_KK328255
GCF_000661005	NZ_KK328256
GCF_000661005	NZ_KK328257
GCF_000661005	NZ_KK328259
GCF_000661025	NZ_KK328260
GCF_000661025	NZ_KK328261
GCF_000661065	NZ_KK328270
GCF_000661065	NZ_KK328271
GCF_000661065	NZ_KK328272
GCF_000661065	NZ_KK328273
GCF_000661065	NZ_KK328274
GCF_000661065	NZ_KK328275
GCF_000661065	NZ_KK328276
GCF_000661065	NZ_KK328277
GCF_000661065	NZ_KK328278
GCF_000661065	NZ_KK328279
GCF_000661065	NZ_KK328281
GCF_000661065	NZ_KK328282
GCF_000661125	NZ_KK328288
GCF_000661125	NZ_KK328289
GCF_000661125	NZ_KK328290
GCF_000661125	NZ_KK328291
GCF_000661125	NZ_KK328292
GCF_000661125	NZ_KK328293
GCF_000661205	NZ_KK328316
GCF_000661205	NZ_KK328317
GCF_000661205	NZ_KK328318
GCF_000661205	NZ_KK328319
GCF_000661205	NZ_KK328320
GCF_000661225	NZ_KK328322
GCF_000661225	NZ_KK328323
GCF_000661265	NZ_KK328327
GCF_000661265	NZ_KK328328
GCF_000661265	NZ_KK328329
GCF_000661265	NZ_KK328330
GCF_000661285	NZ_KK328332
GCF_000661285	NZ_KK328333
GCF_000661285	NZ_KK328334
GCF_000661345	NZ_KK328348
GCF_000661345	NZ_KK328349
GCF_000661345	NZ_KK328350
GCF_000661345	NZ_KK328351
GCF_000661345	NZ_KK328352
GCF_000661345	NZ_KK328355
GCF_000661365	NZ_KK328356
GCF_000661365	NZ_KK328357
GCF_000661365	NZ_KK328358
GCF_000661365	NZ_KK328359
GCF_000661365	NZ_KK328360
GCF_000661365	NZ_KK328361
GCF_000661405	NZ_KK328370
GCF_000661405	NZ_KK328371
GCF_000661445	NZ_KK328378
GCF_000661465	NZ_KK328379
GCF_000661485	NZ_KK328380
GCF_000661505	NZ_KK328381
GCF_000661505	NZ_KK328382
GCF_000661655	NZ_KK328406
GCF_000661655	NZ_KK328407
GCF_000661655	NZ_KK328408
GCF_000661655	NZ_KK328409
GCF_000661655	NZ_KK328411
GCF_000667185	NZ_KK339153
GCF_000667185	NZ_KK339154
GCF_000667185	NZ_KK339155
GCF_000667185	NZ_KK339156
GCF_000667185	NZ_KK339157
GCF_000667185	NZ_KK339158
GCF_000667185	NZ_KK339159
GCF_000667225	NZ_KK339190
GCF_000667225	NZ_KK339191
GCF_000667405	NZ_KK339262
GCF_000667405	NZ_KK339263
GCF_000667405	NZ_KK339264
GCF_000667405	NZ_KK339265
GCF_000667685	NZ_KK339334
GCF_000667685	NZ_KK339335
GCF_000667685	NZ_KK339336
GCF_000667685	NZ_KK339337
GCF_000667685	NZ_KK339338
GCF_000679935	NZ_KK357601
GCF_000679935	NZ_KK357602
GCF_000679935	NZ_KK357603
GCF_000679935	NZ_KK357604
GCF_000679935	NZ_KK357605
GCF_000679955	NZ_KK357606
GCF_000679955	NZ_KK357607
GCF_000679955	NZ_KK357608
GCF_000679955	NZ_KK357609
GCF_000679955	NZ_KK357610
GCF_000679975	NZ_KK357611
GCF_000679975	NZ_KK357612
GCF_000680035	NZ_KK357641
GCF_000680035	NZ_KK357642
GCF_000680035	NZ_KK357643
GCF_000680035	NZ_KK357644
GCF_000680035	NZ_KK357645
GCF_000680035	NZ_KK357646
GCF_000680095	NZ_KK357655
GCF_000680095	NZ_KK357656
GCF_000680095	NZ_KK357657
GCF_000680095	NZ_KK357658
GCF_000680095	NZ_KK357660
GCF_000680095	NZ_KK357661
GCF_000680095	NZ_KK357662
GCF_000680115	NZ_KK357663
GCF_000680115	NZ_KK357664
GCF_000680115	NZ_KK357665
GCF_000680135	NZ_KK357668
GCF_000680135	NZ_KK357669
GCF_000680195	NZ_KK357738
GCF_000680195	NZ_KK357739
GCF_000680195	NZ_KK357740
GCF_000680195	NZ_KK357741
GCF_000680275	NZ_KK357755
GCF_000680275	NZ_KK357756
GCF_000680275	NZ_KK357757
GCF_000680275	NZ_KK357758
GCF_000680275	NZ_KK357759
GCF_000680335	NZ_KK357765
GCF_000680335	NZ_KK357766
GCF_000680355	NZ_KK357767
GCF_000680355	NZ_KK357768
GCF_000680395	NZ_KK357771
GCF_000680395	NZ_KK357772
GCF_000680395	NZ_KK357773
GCF_000680395	NZ_KK357774
GCF_000680395	NZ_KK357775
GCF_000680395	NZ_KK357776
GCF_000680395	NZ_KK357777
GCF_000680395	NZ_KK357778
GCF_000680415	NZ_KK357780
GCF_000680415	NZ_KK357781
GCF_000680415	NZ_KK357782
GCF_000680415	NZ_KK357783
GCF_000680415	NZ_KK357784
GCF_000680415	NZ_KK357785
GCF_000680415	NZ_KK357786
GCF_000680435	NZ_KK357787
GCF_000680435	NZ_KK357788
GCF_000680495	NZ_KK357796
GCF_000680495	NZ_KK357797
GCF_000680495	NZ_KK357798
GCF_000680495	NZ_KK357799
GCF_000680635	NZ_KK357835
GCF_000680635	NZ_KK357836
GCF_000680735	NZ_KK357864
GCF_000680735	NZ_KK357865
GCF_000680735	NZ_KK357866
GCF_000680975	NZ_KK357899
GCF_000680975	NZ_KK357900
GCF_000681235	NZ_KK357964
GCF_000681235	NZ_KK357965
GCF_000705705	NZ_KL404905
GCF_000705705	NZ_KL404906
GCF_000705705	NZ_KL404907
GCF_000705705	NZ_KL404908
GCF_000705705	NZ_KL404910
GCF_000705705	NZ_KL404911
GCF_000705705	NZ_KL404912
GCF_000705705	NZ_KL404913
GCF_000705705	NZ_KL404914
GCF_000705705	NZ_KL404915
GCF_000705705	NZ_KL404917
GCF_000705705	NZ_KL404921
GCF_000705705	NZ_KL404922
GCF_000705705	NZ_KL404923
GCF_000705705	NZ_KL404926
GCF_000705705	NZ_KL404931
GCF_000705705	NZ_KL404933
GCF_000705705	NZ_KL404935
GCF_000705705	NZ_KL404936
GCF_000705705	NZ_KL404938
GCF_000705705	NZ_KL404943
GCF_000705705	NZ_KL404944
GCF_000705705	NZ_KL404949
GCF_000705705	NZ_KL404951
GCF_000705705	NZ_KL404956
GCF_000705705	NZ_KL404961
GCF_000705705	NZ_KL404964
GCF_000705705	NZ_KL404965
GCF_000705705	NZ_KL404969
GCF_000705705	NZ_KL404971
GCF_000705705	NZ_KL404972
GCF_000705705	NZ_KL404979
GCF_000705705	NZ_KL404980
GCF_000705705	NZ_KL404982
GCF_000705705	NZ_KL404984
GCF_000705705	NZ_KL404985
GCF_000705705	NZ_KL404986
GCF_000705705	NZ_KL404987
GCF_000705705	NZ_KL404989
GCF_000705705	NZ_KL404990
GCF_000705705	NZ_KL404992
GCF_000705705	NZ_KL404994
GCF_000705705	NZ_KL404995
GCF_000705705	NZ_KL404997
GCF_000706445	NZ_KL407218
GCF_000706445	NZ_KL407219
GCF_000706445	NZ_KL407220
GCF_000706445	NZ_KL407221
